resource_type,json_path,source_family,system_uri,code,display,occurrence_count,mapping_status
Coverage,$.class[0].type.coding[0],HL7_TERMINOLOGY,http://terminology.hl7.org/CodeSystem/coverage-class,plan,,1,AUTHORITATIVE_MAPPING_PENDING
Coverage,$.contained[0].contact[0].purpose.coding[0],HL7_TERMINOLOGY,http://terminology.hl7.org/CodeSystem/contactentity-type,PATINF,Patient,1,AUTHORITATIVE_MAPPING_PENDING
Coverage,$.extension[0].valueCoding,CMS_BLUE_BUTTON,https://bluebutton.cms.gov/fhir/CodeSystem/BENE-DUAL-STUS-CD,06,,1,AUTHORITATIVE_MAPPING_PENDING
Coverage,$.extension[1].valueCoding,CMS_BLUE_BUTTON,https://bluebutton.cms.gov/fhir/CodeSystem/BENE-DUAL-TYPE-CD,U,,1,AUTHORITATIVE_MAPPING_PENDING
Coverage,$.extension[2].valueCoding,EXTERNAL_OR_UNKNOWN,https://www.usps.com,UT,,1,AUTHORITATIVE_MAPPING_PENDING
Coverage,$.identifier[0].type.coding[0],HL7_TERMINOLOGY,http://terminology.hl7.org/CodeSystem/v2-0203,MB,,1,AUTHORITATIVE_MAPPING_PENDING
Coverage,$.relationship.coding[0],HL7_TERMINOLOGY,http://terminology.hl7.org/CodeSystem/subscriber-relationship,self,Self,1,AUTHORITATIVE_MAPPING_PENDING
Coverage,$.type.coding[0],EXTERNAL_OR_UNKNOWN,https://nahdo.org/sopt,14,Dual Eligibility Medicare/Medicaid Organization,1,AUTHORITATIVE_MAPPING_PENDING
ExplanationOfBenefit,$.adjudication[0].category.coding[0],HL7_FHIR,http://hl7.org/fhir/us/carin-bb/CodeSystem/C4BBAdjudicationDiscriminator,benefitpaymentstatus,Benefit Payment Status,6,AUTHORITATIVE_MAPPING_PENDING
ExplanationOfBenefit,$.adjudication[0].reason.coding[0],HL7_FHIR,http://hl7.org/fhir/us/carin-bb/CodeSystem/C4BBPayerAdjudicationStatus,other,Other,5,AUTHORITATIVE_MAPPING_PENDING
ExplanationOfBenefit,$.adjudication[0].reason.coding[0],HL7_FHIR,http://hl7.org/fhir/us/carin-bb/CodeSystem/C4BBPayerAdjudicationStatus,outofnetwork,Out Of Network,1,AUTHORITATIVE_MAPPING_PENDING
ExplanationOfBenefit,$.adjudication[10].category.coding[0],CMS_BLUE_BUTTON,https://bluebutton.cms.gov/fhir/CodeSystem/Adjudication,CLM_MDCR_IP_PPS_DSPRPRTNT_AMT,Claim PPS Capital Disproportionate Share Amount,1,AUTHORITATIVE_MAPPING_PENDING
ExplanationOfBenefit,$.adjudication[11].category.coding[0],CMS_BLUE_BUTTON,https://bluebutton.cms.gov/fhir/CodeSystem/Adjudication,CLM_MDCR_IP_PPS_EXCPTN_AMT,Claim PPS Capital Exception Amount,1,AUTHORITATIVE_MAPPING_PENDING
ExplanationOfBenefit,$.adjudication[12].category.coding[0],CMS_BLUE_BUTTON,https://bluebutton.cms.gov/fhir/CodeSystem/Adjudication,CLM_MDCR_IP_PPS_CPTL_FSP_AMT,Claim PPS Capital Federal Specific Portion (FSP) Amount,1,AUTHORITATIVE_MAPPING_PENDING
ExplanationOfBenefit,$.adjudication[13].category.coding[0],CMS_BLUE_BUTTON,https://bluebutton.cms.gov/fhir/CodeSystem/Adjudication,CLM_MDCR_IP_PPS_CPTL_IME_AMT,Claim PPS Capital Indirect Medical Education (IME) Amount,1,AUTHORITATIVE_MAPPING_PENDING
ExplanationOfBenefit,$.adjudication[14].category.coding[0],CMS_BLUE_BUTTON,https://bluebutton.cms.gov/fhir/CodeSystem/Adjudication,CLM_MDCR_IP_PPS_OUTLIER_AMT,Claim PPS Capital Outlier Amount,1,AUTHORITATIVE_MAPPING_PENDING
ExplanationOfBenefit,$.adjudication[15].category.coding[0],CMS_BLUE_BUTTON,https://bluebutton.cms.gov/fhir/CodeSystem/Adjudication,CLM_MDCR_IP_PPS_CPTL_HRMLS_AMT,Claim PPS Old Capital Hold Harmless Amount,1,AUTHORITATIVE_MAPPING_PENDING
ExplanationOfBenefit,$.adjudication[16].category.coding[0],CMS_BLUE_BUTTON,https://bluebutton.cms.gov/fhir/CodeSystem/Adjudication,CLM_MDCR_IP_PPS_CPTL_TOT_AMT,Claim Total PPS Capital Amount,1,AUTHORITATIVE_MAPPING_PENDING
ExplanationOfBenefit,$.adjudication[17].category.coding[0],CMS_BLUE_BUTTON,https://bluebutton.cms.gov/fhir/CodeSystem/Adjudication,CLM_MDCR_INSTNL_PRMRY_PYR_AMT,Primary Payer (if not Medicare) Claim Paid Amount,1,AUTHORITATIVE_MAPPING_PENDING
ExplanationOfBenefit,$.adjudication[18].category.coding[0],CMS_BLUE_BUTTON,https://bluebutton.cms.gov/fhir/CodeSystem/Adjudication,CLM_INSTNL_DRG_OUTLIER_AMT,DRG Outlier Approved Payment Amount,1,AUTHORITATIVE_MAPPING_PENDING
ExplanationOfBenefit,$.adjudication[19].category.coding[0],CMS_BLUE_BUTTON,https://bluebutton.cms.gov/fhir/CodeSystem/Adjudication,CLM_HIPPS_UNCOMPD_CARE_AMT,Claim Uncompensated Care Payment Amount,1,AUTHORITATIVE_MAPPING_PENDING
ExplanationOfBenefit,$.adjudication[1].category.coding[0],CMS_BLUE_BUTTON,https://bluebutton.cms.gov/fhir/CodeSystem/Adjudication,CLM_MDCR_PRFNL_PRMRY_PYR_AMT,Primary Payer Paid Amount,2,AUTHORITATIVE_MAPPING_PENDING
ExplanationOfBenefit,$.adjudication[1].category.coding[0],CMS_BLUE_BUTTON,https://bluebutton.cms.gov/fhir/CodeSystem/Adjudication,CLM_OPRTNL_DSPRTNT_AMT,Operating Disproportionate Share Amount,1,AUTHORITATIVE_MAPPING_PENDING
ExplanationOfBenefit,$.adjudication[20].category.coding[0],CMS_BLUE_BUTTON,https://bluebutton.cms.gov/fhir/CodeSystem/Adjudication,CLM_MDCR_IP_BENE_DDCTBL_AMT,Beneficiary Inpatient (or other Part A) Deductible Amount,1,AUTHORITATIVE_MAPPING_PENDING
ExplanationOfBenefit,$.adjudication[21].category.coding[0],CMS_BLUE_BUTTON,https://bluebutton.cms.gov/fhir/CodeSystem/Adjudication,CLM_BLOOD_CHRG_AMT,Blood Charge Amount,1,AUTHORITATIVE_MAPPING_PENDING
ExplanationOfBenefit,$.adjudication[22].category.coding[0],CMS_BLUE_BUTTON,https://bluebutton.cms.gov/fhir/CodeSystem/Adjudication,CLM_BLOOD_LBLTY_AMT,Beneficiary Blood Deductible Liability Amount,1,AUTHORITATIVE_MAPPING_PENDING
ExplanationOfBenefit,$.adjudication[23].category.coding[0],CMS_BLUE_BUTTON,https://bluebutton.cms.gov/fhir/CodeSystem/Adjudication,CLM_BLOOD_NCVRD_CHRG_AMT,Blood Noncovered Charge Amount,1,AUTHORITATIVE_MAPPING_PENDING
ExplanationOfBenefit,$.adjudication[2].category.coding[0],CMS_BLUE_BUTTON,https://bluebutton.cms.gov/fhir/CodeSystem/Adjudication,CLM_OPRTNL_IME_AMT,Operating Indirect Medical Education Amount,1,AUTHORITATIVE_MAPPING_PENDING
ExplanationOfBenefit,$.adjudication[3].category.coding[0],CMS_BLUE_BUTTON,https://bluebutton.cms.gov/fhir/CodeSystem/Adjudication,CLM_MDCR_IP_LRD_USE_CNT,Beneficiary Medicare Lifetime Reserve Days (LRD) Used Count,1,AUTHORITATIVE_MAPPING_PENDING
ExplanationOfBenefit,$.adjudication[4].category.coding[0],CMS_BLUE_BUTTON,https://bluebutton.cms.gov/fhir/CodeSystem/Adjudication,CLM_INSTNL_MDCR_COINS_DAY_CNT,Beneficiary Total Coinsurance Days Count,1,AUTHORITATIVE_MAPPING_PENDING
ExplanationOfBenefit,$.adjudication[5].category.coding[0],CMS_BLUE_BUTTON,https://bluebutton.cms.gov/fhir/CodeSystem/Adjudication,CLM_INSTNL_NCVRD_DAY_CNT,Claim Medicare Non Utilization Days Count,1,AUTHORITATIVE_MAPPING_PENDING
ExplanationOfBenefit,$.adjudication[6].category.coding[0],CMS_BLUE_BUTTON,https://bluebutton.cms.gov/fhir/CodeSystem/Adjudication,CLM_MDCR_HOSPC_PRD_CNT,Hospice Period Count,1,AUTHORITATIVE_MAPPING_PENDING
ExplanationOfBenefit,$.adjudication[7].category.coding[0],CMS_BLUE_BUTTON,https://bluebutton.cms.gov/fhir/CodeSystem/Adjudication,CLM_MDCR_IP_PPS_DRG_WT_NUM,PPS DRG Weight Number,1,AUTHORITATIVE_MAPPING_PENDING
ExplanationOfBenefit,$.adjudication[8].category.coding[0],CMS_BLUE_BUTTON,https://bluebutton.cms.gov/fhir/CodeSystem/Adjudication,CLM_INSTNL_CVRD_DAY_CNT,Claim Medicare Utilization Day Count,1,AUTHORITATIVE_MAPPING_PENDING
ExplanationOfBenefit,$.adjudication[9].category.coding[0],CMS_BLUE_BUTTON,https://bluebutton.cms.gov/fhir/CodeSystem/Adjudication,CLM_INSTNL_PER_DIEM_AMT,Claim Pass Thru Per Diem Amount,1,AUTHORITATIVE_MAPPING_PENDING
ExplanationOfBenefit,$.careTeam[0].provider.identifier.type.coding[0],CMS_BLUE_BUTTON,http://bluebutton.cms.gov/fhir/CodeSystem/PRVDR-ID-QLFYR-CD,06,UPIN,2,AUTHORITATIVE_MAPPING_PENDING
ExplanationOfBenefit,$.careTeam[0].provider.identifier.type.coding[0],CMS_BLUE_BUTTON,http://bluebutton.cms.gov/fhir/CodeSystem/PRVDR-ID-QLFYR-CD,99,Other mandatory for Standard Data Format,1,AUTHORITATIVE_MAPPING_PENDING
ExplanationOfBenefit,$.careTeam[0].provider.identifier.type.coding[0],HL7_TERMINOLOGY,http://terminology.hl7.org/CodeSystem/v2-0203,NPI,National provider identifier,3,AUTHORITATIVE_MAPPING_PENDING
ExplanationOfBenefit,$.careTeam[0].qualification.coding[0],CMS_BLUE_BUTTON,https://bluebutton.cms.gov/fhir/CodeSystem/CLM-PRVDR-SPCLTY-CD,81,,1,AUTHORITATIVE_MAPPING_PENDING
ExplanationOfBenefit,$.careTeam[0].qualification.coding[1],EXTERNAL_OR_UNKNOWN,http://nucc.org/provider-taxonomy,207RC0200X,,1,AUTHORITATIVE_MAPPING_PENDING
ExplanationOfBenefit,$.careTeam[0].role.coding[0],HL7_TERMINOLOGY,http://terminology.hl7.org/CodeSystem/claimcareteamrole,prescribing,Prescribing provider,3,AUTHORITATIVE_MAPPING_PENDING
ExplanationOfBenefit,$.careTeam[0].role.coding[0],HL7_TERMINOLOGY,http://terminology.hl7.org/CodeSystem/claimcareteamrole,rendering,Rendering provider,3,AUTHORITATIVE_MAPPING_PENDING
ExplanationOfBenefit,$.careTeam[0].role.coding[1],HL7_FHIR,http://hl7.org/fhir/us/carin-bb/CodeSystem/C4BBClaimCareTeamRole,prescribing,Prescribing provider,3,AUTHORITATIVE_MAPPING_PENDING
ExplanationOfBenefit,$.careTeam[0].role.coding[1],HL7_FHIR,http://hl7.org/fhir/us/carin-bb/CodeSystem/C4BBClaimCareTeamRole,rendering,Rendering provider,3,AUTHORITATIVE_MAPPING_PENDING
ExplanationOfBenefit,$.careTeam[10].provider.identifier.type.coding[0],HL7_TERMINOLOGY,http://terminology.hl7.org/CodeSystem/v2-0203,NPI,National provider identifier,2,AUTHORITATIVE_MAPPING_PENDING
ExplanationOfBenefit,$.careTeam[10].role.coding[0],HL7_TERMINOLOGY,http://terminology.hl7.org/CodeSystem/claimcareteamrole,rendering,Rendering provider,2,AUTHORITATIVE_MAPPING_PENDING
ExplanationOfBenefit,$.careTeam[10].role.coding[1],HL7_FHIR,http://hl7.org/fhir/us/carin-bb/CodeSystem/C4BBClaimCareTeamRole,rendering,Rendering provider,2,AUTHORITATIVE_MAPPING_PENDING
ExplanationOfBenefit,$.careTeam[11].provider.identifier.type.coding[0],HL7_TERMINOLOGY,http://terminology.hl7.org/CodeSystem/v2-0203,NPI,National provider identifier,1,AUTHORITATIVE_MAPPING_PENDING
ExplanationOfBenefit,$.careTeam[11].role.coding[0],HL7_TERMINOLOGY,http://terminology.hl7.org/CodeSystem/claimcareteamrole,rendering,Rendering provider,1,AUTHORITATIVE_MAPPING_PENDING
ExplanationOfBenefit,$.careTeam[11].role.coding[1],HL7_FHIR,http://hl7.org/fhir/us/carin-bb/CodeSystem/C4BBClaimCareTeamRole,rendering,Rendering provider,1,AUTHORITATIVE_MAPPING_PENDING
ExplanationOfBenefit,$.careTeam[12].provider.identifier.type.coding[0],HL7_TERMINOLOGY,http://terminology.hl7.org/CodeSystem/v2-0203,NPI,National provider identifier,1,AUTHORITATIVE_MAPPING_PENDING
ExplanationOfBenefit,$.careTeam[12].role.coding[0],HL7_TERMINOLOGY,http://terminology.hl7.org/CodeSystem/claimcareteamrole,rendering,Rendering provider,1,AUTHORITATIVE_MAPPING_PENDING
ExplanationOfBenefit,$.careTeam[12].role.coding[1],HL7_FHIR,http://hl7.org/fhir/us/carin-bb/CodeSystem/C4BBClaimCareTeamRole,rendering,Rendering provider,1,AUTHORITATIVE_MAPPING_PENDING
ExplanationOfBenefit,$.careTeam[13].provider.identifier.type.coding[0],HL7_TERMINOLOGY,http://terminology.hl7.org/CodeSystem/v2-0203,NPI,National provider identifier,1,AUTHORITATIVE_MAPPING_PENDING
ExplanationOfBenefit,$.careTeam[13].qualification.coding[0],CMS_BLUE_BUTTON,https://bluebutton.cms.gov/fhir/CodeSystem/CLM-PRVDR-SPCLTY-CD,10,,1,AUTHORITATIVE_MAPPING_PENDING
ExplanationOfBenefit,$.careTeam[13].qualification.coding[1],EXTERNAL_OR_UNKNOWN,http://nucc.org/provider-taxonomy,207RG0100X,,1,AUTHORITATIVE_MAPPING_PENDING
ExplanationOfBenefit,$.careTeam[13].role.coding[0],HL7_TERMINOLOGY,http://terminology.hl7.org/CodeSystem/claimcareteamrole,attending,Attending,1,AUTHORITATIVE_MAPPING_PENDING
ExplanationOfBenefit,$.careTeam[13].role.coding[1],HL7_FHIR,http://hl7.org/fhir/us/carin-bb/CodeSystem/C4BBClaimCareTeamRole,attending,Attending,1,AUTHORITATIVE_MAPPING_PENDING
ExplanationOfBenefit,$.careTeam[14].provider.identifier.type.coding[0],HL7_TERMINOLOGY,http://terminology.hl7.org/CodeSystem/v2-0203,NPI,National provider identifier,1,AUTHORITATIVE_MAPPING_PENDING
ExplanationOfBenefit,$.careTeam[14].qualification.coding[0],CMS_BLUE_BUTTON,https://bluebutton.cms.gov/fhir/CodeSystem/CLM-PRVDR-SPCLTY-CD,11,,1,AUTHORITATIVE_MAPPING_PENDING
ExplanationOfBenefit,$.careTeam[14].qualification.coding[1],EXTERNAL_OR_UNKNOWN,http://nucc.org/provider-taxonomy,207R00000X,,1,AUTHORITATIVE_MAPPING_PENDING
ExplanationOfBenefit,$.careTeam[14].role.coding[0],HL7_TERMINOLOGY,http://terminology.hl7.org/CodeSystem/claimcareteamrole,operating,Operating,1,AUTHORITATIVE_MAPPING_PENDING
ExplanationOfBenefit,$.careTeam[14].role.coding[1],HL7_FHIR,http://hl7.org/fhir/us/carin-bb/CodeSystem/C4BBClaimCareTeamRole,operating,Operating,1,AUTHORITATIVE_MAPPING_PENDING
ExplanationOfBenefit,$.careTeam[15].provider.identifier.type.coding[0],HL7_TERMINOLOGY,http://terminology.hl7.org/CodeSystem/v2-0203,NPI,National provider identifier,1,AUTHORITATIVE_MAPPING_PENDING
ExplanationOfBenefit,$.careTeam[15].qualification.coding[0],CMS_BLUE_BUTTON,https://bluebutton.cms.gov/fhir/CodeSystem/CLM-PRVDR-SPCLTY-CD,38,,1,AUTHORITATIVE_MAPPING_PENDING
ExplanationOfBenefit,$.careTeam[15].role.coding[0],HL7_TERMINOLOGY,http://terminology.hl7.org/CodeSystem/claimcareteamrole,otheroperating,Other Operating,1,AUTHORITATIVE_MAPPING_PENDING
ExplanationOfBenefit,$.careTeam[15].role.coding[1],HL7_FHIR,http://hl7.org/fhir/us/carin-bb/CodeSystem/C4BBClaimCareTeamRole,otheroperating,Other Operating,1,AUTHORITATIVE_MAPPING_PENDING
ExplanationOfBenefit,$.careTeam[16].provider.identifier.type.coding[0],HL7_TERMINOLOGY,http://terminology.hl7.org/CodeSystem/v2-0203,NPI,National provider identifier,1,AUTHORITATIVE_MAPPING_PENDING
ExplanationOfBenefit,$.careTeam[16].qualification.coding[0],CMS_BLUE_BUTTON,https://bluebutton.cms.gov/fhir/CodeSystem/CLM-PRVDR-SPCLTY-CD,F1,,1,AUTHORITATIVE_MAPPING_PENDING
ExplanationOfBenefit,$.careTeam[16].role.coding[0],HL7_TERMINOLOGY,http://terminology.hl7.org/CodeSystem/claimcareteamrole,rendering,Rendering provider,1,AUTHORITATIVE_MAPPING_PENDING
ExplanationOfBenefit,$.careTeam[16].role.coding[1],HL7_FHIR,http://hl7.org/fhir/us/carin-bb/CodeSystem/C4BBClaimCareTeamRole,rendering,Rendering provider,1,AUTHORITATIVE_MAPPING_PENDING
ExplanationOfBenefit,$.careTeam[17].provider.identifier.type.coding[0],HL7_TERMINOLOGY,http://terminology.hl7.org/CodeSystem/v2-0203,NPI,National provider identifier,1,AUTHORITATIVE_MAPPING_PENDING
ExplanationOfBenefit,$.careTeam[17].role.coding[0],HL7_TERMINOLOGY,http://terminology.hl7.org/CodeSystem/claimcareteamrole,referring,Referring,1,AUTHORITATIVE_MAPPING_PENDING
ExplanationOfBenefit,$.careTeam[17].role.coding[1],HL7_FHIR,http://hl7.org/fhir/us/carin-bb/CodeSystem/C4BBClaimCareTeamRole,referring,Referring,1,AUTHORITATIVE_MAPPING_PENDING
ExplanationOfBenefit,$.careTeam[18].provider.identifier.type.coding[0],HL7_TERMINOLOGY,http://terminology.hl7.org/CodeSystem/v2-0203,NPI,National provider identifier,1,AUTHORITATIVE_MAPPING_PENDING
ExplanationOfBenefit,$.careTeam[18].role.coding[0],HL7_TERMINOLOGY,http://terminology.hl7.org/CodeSystem/claimcareteamrole,service,Service provider,1,AUTHORITATIVE_MAPPING_PENDING
ExplanationOfBenefit,$.careTeam[18].role.coding[1],HL7_FHIR,http://hl7.org/fhir/us/carin-bb/CodeSystem/C4BBClaimCareTeamRole,service,Service provider,1,AUTHORITATIVE_MAPPING_PENDING
ExplanationOfBenefit,$.careTeam[1].provider.identifier.type.coding[0],HL7_TERMINOLOGY,http://terminology.hl7.org/CodeSystem/v2-0203,NPI,National provider identifier,3,AUTHORITATIVE_MAPPING_PENDING
ExplanationOfBenefit,$.careTeam[1].qualification.coding[0],CMS_BLUE_BUTTON,https://bluebutton.cms.gov/fhir/CodeSystem/CLM-PRVDR-SPCLTY-CD,E4,,1,AUTHORITATIVE_MAPPING_PENDING
ExplanationOfBenefit,$.careTeam[1].role.coding[0],HL7_TERMINOLOGY,http://terminology.hl7.org/CodeSystem/claimcareteamrole,rendering,Rendering provider,3,AUTHORITATIVE_MAPPING_PENDING
ExplanationOfBenefit,$.careTeam[1].role.coding[1],HL7_FHIR,http://hl7.org/fhir/us/carin-bb/CodeSystem/C4BBClaimCareTeamRole,rendering,Rendering provider,3,AUTHORITATIVE_MAPPING_PENDING
ExplanationOfBenefit,$.careTeam[2].provider.identifier.type.coding[0],HL7_TERMINOLOGY,http://terminology.hl7.org/CodeSystem/v2-0203,NPI,National provider identifier,2,AUTHORITATIVE_MAPPING_PENDING
ExplanationOfBenefit,$.careTeam[2].role.coding[0],HL7_TERMINOLOGY,http://terminology.hl7.org/CodeSystem/claimcareteamrole,rendering,Rendering provider,2,AUTHORITATIVE_MAPPING_PENDING
ExplanationOfBenefit,$.careTeam[2].role.coding[1],HL7_FHIR,http://hl7.org/fhir/us/carin-bb/CodeSystem/C4BBClaimCareTeamRole,rendering,Rendering provider,2,AUTHORITATIVE_MAPPING_PENDING
ExplanationOfBenefit,$.careTeam[3].provider.identifier.type.coding[0],HL7_TERMINOLOGY,http://terminology.hl7.org/CodeSystem/v2-0203,NPI,National provider identifier,2,AUTHORITATIVE_MAPPING_PENDING
ExplanationOfBenefit,$.careTeam[3].role.coding[0],HL7_TERMINOLOGY,http://terminology.hl7.org/CodeSystem/claimcareteamrole,rendering,Rendering provider,2,AUTHORITATIVE_MAPPING_PENDING
ExplanationOfBenefit,$.careTeam[3].role.coding[1],HL7_FHIR,http://hl7.org/fhir/us/carin-bb/CodeSystem/C4BBClaimCareTeamRole,rendering,Rendering provider,2,AUTHORITATIVE_MAPPING_PENDING
ExplanationOfBenefit,$.careTeam[4].provider.identifier.type.coding[0],HL7_TERMINOLOGY,http://terminology.hl7.org/CodeSystem/v2-0203,NPI,National provider identifier,2,AUTHORITATIVE_MAPPING_PENDING
ExplanationOfBenefit,$.careTeam[4].role.coding[0],HL7_TERMINOLOGY,http://terminology.hl7.org/CodeSystem/claimcareteamrole,rendering,Rendering provider,2,AUTHORITATIVE_MAPPING_PENDING
ExplanationOfBenefit,$.careTeam[4].role.coding[1],HL7_FHIR,http://hl7.org/fhir/us/carin-bb/CodeSystem/C4BBClaimCareTeamRole,rendering,Rendering provider,2,AUTHORITATIVE_MAPPING_PENDING
ExplanationOfBenefit,$.careTeam[5].provider.identifier.type.coding[0],HL7_TERMINOLOGY,http://terminology.hl7.org/CodeSystem/v2-0203,NPI,National provider identifier,2,AUTHORITATIVE_MAPPING_PENDING
ExplanationOfBenefit,$.careTeam[5].role.coding[0],HL7_TERMINOLOGY,http://terminology.hl7.org/CodeSystem/claimcareteamrole,rendering,Rendering provider,2,AUTHORITATIVE_MAPPING_PENDING
ExplanationOfBenefit,$.careTeam[5].role.coding[1],HL7_FHIR,http://hl7.org/fhir/us/carin-bb/CodeSystem/C4BBClaimCareTeamRole,rendering,Rendering provider,2,AUTHORITATIVE_MAPPING_PENDING
ExplanationOfBenefit,$.careTeam[6].provider.identifier.type.coding[0],HL7_TERMINOLOGY,http://terminology.hl7.org/CodeSystem/v2-0203,NPI,National provider identifier,2,AUTHORITATIVE_MAPPING_PENDING
ExplanationOfBenefit,$.careTeam[6].role.coding[0],HL7_TERMINOLOGY,http://terminology.hl7.org/CodeSystem/claimcareteamrole,rendering,Rendering provider,2,AUTHORITATIVE_MAPPING_PENDING
ExplanationOfBenefit,$.careTeam[6].role.coding[1],HL7_FHIR,http://hl7.org/fhir/us/carin-bb/CodeSystem/C4BBClaimCareTeamRole,rendering,Rendering provider,2,AUTHORITATIVE_MAPPING_PENDING
ExplanationOfBenefit,$.careTeam[7].provider.identifier.type.coding[0],HL7_TERMINOLOGY,http://terminology.hl7.org/CodeSystem/v2-0203,NPI,National provider identifier,2,AUTHORITATIVE_MAPPING_PENDING
ExplanationOfBenefit,$.careTeam[7].role.coding[0],HL7_TERMINOLOGY,http://terminology.hl7.org/CodeSystem/claimcareteamrole,rendering,Rendering provider,2,AUTHORITATIVE_MAPPING_PENDING
ExplanationOfBenefit,$.careTeam[7].role.coding[1],HL7_FHIR,http://hl7.org/fhir/us/carin-bb/CodeSystem/C4BBClaimCareTeamRole,rendering,Rendering provider,2,AUTHORITATIVE_MAPPING_PENDING
ExplanationOfBenefit,$.careTeam[8].provider.identifier.type.coding[0],HL7_TERMINOLOGY,http://terminology.hl7.org/CodeSystem/v2-0203,NPI,National provider identifier,2,AUTHORITATIVE_MAPPING_PENDING
ExplanationOfBenefit,$.careTeam[8].role.coding[0],HL7_TERMINOLOGY,http://terminology.hl7.org/CodeSystem/claimcareteamrole,rendering,Rendering provider,2,AUTHORITATIVE_MAPPING_PENDING
ExplanationOfBenefit,$.careTeam[8].role.coding[1],HL7_FHIR,http://hl7.org/fhir/us/carin-bb/CodeSystem/C4BBClaimCareTeamRole,rendering,Rendering provider,2,AUTHORITATIVE_MAPPING_PENDING
ExplanationOfBenefit,$.careTeam[9].provider.identifier.type.coding[0],HL7_TERMINOLOGY,http://terminology.hl7.org/CodeSystem/v2-0203,NPI,National provider identifier,2,AUTHORITATIVE_MAPPING_PENDING
ExplanationOfBenefit,$.careTeam[9].role.coding[0],HL7_TERMINOLOGY,http://terminology.hl7.org/CodeSystem/claimcareteamrole,rendering,Rendering provider,2,AUTHORITATIVE_MAPPING_PENDING
ExplanationOfBenefit,$.careTeam[9].role.coding[1],HL7_FHIR,http://hl7.org/fhir/us/carin-bb/CodeSystem/C4BBClaimCareTeamRole,rendering,Rendering provider,2,AUTHORITATIVE_MAPPING_PENDING
ExplanationOfBenefit,$.contained[0].identifier[0].type.coding[0],HL7_TERMINOLOGY,http://terminology.hl7.org/CodeSystem/v2-0203,NPI,National provider identifier,3,AUTHORITATIVE_MAPPING_PENDING
ExplanationOfBenefit,$.contained[0].identifier[1].type.coding[0],CMS_BLUE_BUTTON,http://bluebutton.cms.gov/fhir/CodeSystem/PRVDR-ID-QLFYR-CD,07,NCPDP Number,1,AUTHORITATIVE_MAPPING_PENDING
ExplanationOfBenefit,$.contained[0].identifier[1].type.coding[0],CMS_BLUE_BUTTON,http://bluebutton.cms.gov/fhir/CodeSystem/PRVDR-ID-QLFYR-CD,08,State License Number,1,AUTHORITATIVE_MAPPING_PENDING
ExplanationOfBenefit,$.contained[0].identifier[1].type.coding[0],CMS_BLUE_BUTTON,http://bluebutton.cms.gov/fhir/CodeSystem/PRVDR-ID-QLFYR-CD,12,DEA,1,AUTHORITATIVE_MAPPING_PENDING
ExplanationOfBenefit,$.contained[1].identifier[0].type.coding[0],HL7_TERMINOLOGY,http://terminology.hl7.org/CodeSystem/v2-0203,NPI,National provider identifier,1,AUTHORITATIVE_MAPPING_PENDING
ExplanationOfBenefit,$.diagnosis[0].diagnosisCodeableConcept.coding[0],HL7_FHIR,http://hl7.org/fhir/sid/icd-10-cm,E02.90,,1,AUTHORITATIVE_MAPPING_PENDING
ExplanationOfBenefit,$.diagnosis[0].diagnosisCodeableConcept.coding[0],HL7_FHIR,http://hl7.org/fhir/sid/icd-10-cm,E11.69,,1,AUTHORITATIVE_MAPPING_PENDING
ExplanationOfBenefit,$.diagnosis[0].diagnosisCodeableConcept.coding[0],HL7_FHIR,http://hl7.org/fhir/sid/icd-10-cm,W58.13XD,,1,AUTHORITATIVE_MAPPING_PENDING
ExplanationOfBenefit,$.diagnosis[0].type[0].coding[0],HL7_TERMINOLOGY,http://terminology.hl7.org/CodeSystem/ex-diagnosistype,admitting,,1,AUTHORITATIVE_MAPPING_PENDING
ExplanationOfBenefit,$.diagnosis[0].type[0].coding[0],HL7_TERMINOLOGY,http://terminology.hl7.org/CodeSystem/ex-diagnosistype,principal,,2,AUTHORITATIVE_MAPPING_PENDING
ExplanationOfBenefit,$.diagnosis[10].diagnosisCodeableConcept.coding[0],HL7_FHIR,http://hl7.org/fhir/sid/icd-10-cm,W55.41XA,,1,AUTHORITATIVE_MAPPING_PENDING
ExplanationOfBenefit,$.diagnosis[10].onAdmission.coding[0],CMS,https://www.cms.gov/Medicare/Medicare-Fee-for-Service-Payment/HospitalAcqCond/Coding,W,,1,AUTHORITATIVE_MAPPING_PENDING
ExplanationOfBenefit,$.diagnosis[10].type[0].coding[0],HL7_FHIR,http://hl7.org/fhir/us/carin-bb/CodeSystem/C4BBClaimDiagnosisType,other,,1,AUTHORITATIVE_MAPPING_PENDING
ExplanationOfBenefit,$.diagnosis[11].diagnosisCodeableConcept.coding[0],HL7_FHIR,http://hl7.org/fhir/sid/icd-10-cm,E11.69,,1,AUTHORITATIVE_MAPPING_PENDING
ExplanationOfBenefit,$.diagnosis[11].onAdmission.coding[0],CMS,https://www.cms.gov/Medicare/Medicare-Fee-for-Service-Payment/HospitalAcqCond/Coding,Z,,1,AUTHORITATIVE_MAPPING_PENDING
ExplanationOfBenefit,$.diagnosis[11].type[0].coding[0],HL7_FHIR,http://hl7.org/fhir/us/carin-bb/CodeSystem/C4BBClaimDiagnosisType,other,,1,AUTHORITATIVE_MAPPING_PENDING
ExplanationOfBenefit,$.diagnosis[12].diagnosisCodeableConcept.coding[0],HL7_FHIR,http://hl7.org/fhir/sid/icd-10-cm,E01.70,,1,AUTHORITATIVE_MAPPING_PENDING
ExplanationOfBenefit,$.diagnosis[12].onAdmission.coding[0],CMS,https://www.cms.gov/Medicare/Medicare-Fee-for-Service-Payment/HospitalAcqCond/Coding,Y,,1,AUTHORITATIVE_MAPPING_PENDING
ExplanationOfBenefit,$.diagnosis[12].type[0].coding[0],HL7_FHIR,http://hl7.org/fhir/us/carin-bb/CodeSystem/C4BBClaimDiagnosisType,other,,1,AUTHORITATIVE_MAPPING_PENDING
ExplanationOfBenefit,$.diagnosis[13].diagnosisCodeableConcept.coding[0],HL7_FHIR,http://hl7.org/fhir/sid/icd-10-cm,W55.29,,1,AUTHORITATIVE_MAPPING_PENDING
ExplanationOfBenefit,$.diagnosis[13].onAdmission.coding[0],CMS,https://www.cms.gov/Medicare/Medicare-Fee-for-Service-Payment/HospitalAcqCond/Coding,U,,1,AUTHORITATIVE_MAPPING_PENDING
ExplanationOfBenefit,$.diagnosis[13].type[0].coding[0],HL7_FHIR,http://hl7.org/fhir/us/carin-bb/CodeSystem/C4BBClaimDiagnosisType,other,,1,AUTHORITATIVE_MAPPING_PENDING
ExplanationOfBenefit,$.diagnosis[14].diagnosisCodeableConcept.coding[0],HL7_FHIR,http://hl7.org/fhir/sid/icd-10-cm,W55.41XA,,1,AUTHORITATIVE_MAPPING_PENDING
ExplanationOfBenefit,$.diagnosis[14].onAdmission.coding[0],CMS,https://www.cms.gov/Medicare/Medicare-Fee-for-Service-Payment/HospitalAcqCond/Coding,X,,1,AUTHORITATIVE_MAPPING_PENDING
ExplanationOfBenefit,$.diagnosis[14].type[0].coding[0],HL7_FHIR,http://hl7.org/fhir/us/carin-bb/CodeSystem/C4BBClaimDiagnosisType,other,,1,AUTHORITATIVE_MAPPING_PENDING
ExplanationOfBenefit,$.diagnosis[15].diagnosisCodeableConcept.coding[0],HL7_FHIR,http://hl7.org/fhir/sid/icd-10-cm,E01.70,,1,AUTHORITATIVE_MAPPING_PENDING
ExplanationOfBenefit,$.diagnosis[15].onAdmission.coding[0],CMS,https://www.cms.gov/Medicare/Medicare-Fee-for-Service-Payment/HospitalAcqCond/Coding,Y,,1,AUTHORITATIVE_MAPPING_PENDING
ExplanationOfBenefit,$.diagnosis[15].type[0].coding[0],HL7_FHIR,http://hl7.org/fhir/us/carin-bb/CodeSystem/C4BBClaimDiagnosisType,other,,1,AUTHORITATIVE_MAPPING_PENDING
ExplanationOfBenefit,$.diagnosis[16].diagnosisCodeableConcept.coding[0],HL7_FHIR,http://hl7.org/fhir/sid/icd-10-cm,W58.13XD,,1,AUTHORITATIVE_MAPPING_PENDING
ExplanationOfBenefit,$.diagnosis[16].onAdmission.coding[0],CMS,https://www.cms.gov/Medicare/Medicare-Fee-for-Service-Payment/HospitalAcqCond/Coding,U,,1,AUTHORITATIVE_MAPPING_PENDING
ExplanationOfBenefit,$.diagnosis[16].type[0].coding[0],HL7_FHIR,http://hl7.org/fhir/us/carin-bb/CodeSystem/C4BBClaimDiagnosisType,other,,1,AUTHORITATIVE_MAPPING_PENDING
ExplanationOfBenefit,$.diagnosis[17].diagnosisCodeableConcept.coding[0],HL7_FHIR,http://hl7.org/fhir/sid/icd-10-cm,V97.0,,1,AUTHORITATIVE_MAPPING_PENDING
ExplanationOfBenefit,$.diagnosis[17].type[0].coding[0],HL7_FHIR,http://hl7.org/fhir/us/carin-bb/CodeSystem/C4BBClaimDiagnosisType,externalcauseofinjury,,1,AUTHORITATIVE_MAPPING_PENDING
ExplanationOfBenefit,$.diagnosis[18].diagnosisCodeableConcept.coding[0],HL7_FHIR,http://hl7.org/fhir/sid/icd-10-cm,W61.62,,1,AUTHORITATIVE_MAPPING_PENDING
ExplanationOfBenefit,$.diagnosis[18].type[0].coding[0],HL7_TERMINOLOGY,http://terminology.hl7.org/CodeSystem/ex-diagnosistype,principal,,1,AUTHORITATIVE_MAPPING_PENDING
ExplanationOfBenefit,$.diagnosis[1].diagnosisCodeableConcept.coding[0],HL7_FHIR,http://hl7.org/fhir/sid/icd-10-cm,E02.90,,2,AUTHORITATIVE_MAPPING_PENDING
ExplanationOfBenefit,$.diagnosis[1].diagnosisCodeableConcept.coding[0],HL7_FHIR,http://hl7.org/fhir/sid/icd-10-cm,W61.62,,1,AUTHORITATIVE_MAPPING_PENDING
ExplanationOfBenefit,$.diagnosis[1].type[0].coding[0],HL7_FHIR,http://hl7.org/fhir/us/carin-bb/CodeSystem/C4BBClaimDiagnosisType,other,,1,AUTHORITATIVE_MAPPING_PENDING
ExplanationOfBenefit,$.diagnosis[1].type[0].coding[0],HL7_FHIR,http://hl7.org/fhir/us/carin-bb/CodeSystem/C4BBClaimDiagnosisType,secondary,,2,AUTHORITATIVE_MAPPING_PENDING
ExplanationOfBenefit,$.diagnosis[2].diagnosisCodeableConcept.coding[0],HL7_FHIR,http://hl7.org/fhir/sid/icd-10-cm,E02.90,,1,AUTHORITATIVE_MAPPING_PENDING
ExplanationOfBenefit,$.diagnosis[2].diagnosisCodeableConcept.coding[0],HL7_FHIR,http://hl7.org/fhir/sid/icd-10-cm,E11.69,,1,AUTHORITATIVE_MAPPING_PENDING
ExplanationOfBenefit,$.diagnosis[2].diagnosisCodeableConcept.coding[0],HL7_FHIR,http://hl7.org/fhir/sid/icd-10-cm,R46.5,,1,AUTHORITATIVE_MAPPING_PENDING
ExplanationOfBenefit,$.diagnosis[2].type[0].coding[0],HL7_FHIR,http://hl7.org/fhir/us/carin-bb/CodeSystem/C4BBClaimDiagnosisType,other,,1,AUTHORITATIVE_MAPPING_PENDING
ExplanationOfBenefit,$.diagnosis[2].type[0].coding[0],HL7_FHIR,http://hl7.org/fhir/us/carin-bb/CodeSystem/C4BBClaimDiagnosisType,secondary,,2,AUTHORITATIVE_MAPPING_PENDING
ExplanationOfBenefit,$.diagnosis[3].diagnosisCodeableConcept.coding[0],HL7_FHIR,http://hl7.org/fhir/sid/icd-10-cm,E02.90,,1,AUTHORITATIVE_MAPPING_PENDING
ExplanationOfBenefit,$.diagnosis[3].diagnosisCodeableConcept.coding[0],HL7_FHIR,http://hl7.org/fhir/sid/icd-10-cm,Y92.311,,1,AUTHORITATIVE_MAPPING_PENDING
ExplanationOfBenefit,$.diagnosis[3].onAdmission.coding[0],CMS,https://www.cms.gov/Medicare/Medicare-Fee-for-Service-Payment/HospitalAcqCond/Coding,W,,1,AUTHORITATIVE_MAPPING_PENDING
ExplanationOfBenefit,$.diagnosis[3].type[0].coding[0],HL7_FHIR,http://hl7.org/fhir/us/carin-bb/CodeSystem/C4BBClaimDiagnosisType,other,,1,AUTHORITATIVE_MAPPING_PENDING
ExplanationOfBenefit,$.diagnosis[3].type[0].coding[0],HL7_FHIR,http://hl7.org/fhir/us/carin-bb/CodeSystem/C4BBClaimDiagnosisType,secondary,,1,AUTHORITATIVE_MAPPING_PENDING
ExplanationOfBenefit,$.diagnosis[4].diagnosisCodeableConcept.coding[0],HL7_FHIR,http://hl7.org/fhir/sid/icd-10-cm,Y93.1,,1,AUTHORITATIVE_MAPPING_PENDING
ExplanationOfBenefit,$.diagnosis[4].diagnosisCodeableConcept.coding[0],HL7_FHIR,http://hl7.org/fhir/sid/icd-10-cm,Z63.1,,1,AUTHORITATIVE_MAPPING_PENDING
ExplanationOfBenefit,$.diagnosis[4].type[0].coding[0],HL7_FHIR,http://hl7.org/fhir/us/carin-bb/CodeSystem/C4BBClaimDiagnosisType,other,,1,AUTHORITATIVE_MAPPING_PENDING
ExplanationOfBenefit,$.diagnosis[4].type[0].coding[0],HL7_FHIR,http://hl7.org/fhir/us/carin-bb/CodeSystem/C4BBClaimDiagnosisType,secondary,,1,AUTHORITATIVE_MAPPING_PENDING
ExplanationOfBenefit,$.diagnosis[5].diagnosisCodeableConcept.coding[0],HL7_FHIR,http://hl7.org/fhir/sid/icd-10-cm,W55.29,,1,AUTHORITATIVE_MAPPING_PENDING
ExplanationOfBenefit,$.diagnosis[5].diagnosisCodeableConcept.coding[0],HL7_FHIR,http://hl7.org/fhir/sid/icd-10-cm,Y93.1,,1,AUTHORITATIVE_MAPPING_PENDING
ExplanationOfBenefit,$.diagnosis[5].type[0].coding[0],HL7_FHIR,http://hl7.org/fhir/us/carin-bb/CodeSystem/C4BBClaimDiagnosisType,other,,1,AUTHORITATIVE_MAPPING_PENDING
ExplanationOfBenefit,$.diagnosis[5].type[0].coding[0],HL7_FHIR,http://hl7.org/fhir/us/carin-bb/CodeSystem/C4BBClaimDiagnosisType,secondary,,1,AUTHORITATIVE_MAPPING_PENDING
ExplanationOfBenefit,$.diagnosis[6].diagnosisCodeableConcept.coding[0],HL7_FHIR,http://hl7.org/fhir/sid/icd-10-cm,E02.90,,1,AUTHORITATIVE_MAPPING_PENDING
ExplanationOfBenefit,$.diagnosis[6].diagnosisCodeableConcept.coding[0],HL7_FHIR,http://hl7.org/fhir/sid/icd-10-cm,V97.33,,1,AUTHORITATIVE_MAPPING_PENDING
ExplanationOfBenefit,$.diagnosis[6].onAdmission.coding[0],CMS,https://www.cms.gov/Medicare/Medicare-Fee-for-Service-Payment/HospitalAcqCond/Coding,W,,1,AUTHORITATIVE_MAPPING_PENDING
ExplanationOfBenefit,$.diagnosis[6].type[0].coding[0],HL7_FHIR,http://hl7.org/fhir/us/carin-bb/CodeSystem/C4BBClaimDiagnosisType,other,,1,AUTHORITATIVE_MAPPING_PENDING
ExplanationOfBenefit,$.diagnosis[6].type[0].coding[0],HL7_FHIR,http://hl7.org/fhir/us/carin-bb/CodeSystem/C4BBClaimDiagnosisType,secondary,,1,AUTHORITATIVE_MAPPING_PENDING
ExplanationOfBenefit,$.diagnosis[7].diagnosisCodeableConcept.coding[0],HL7_FHIR,http://hl7.org/fhir/sid/icd-10-cm,E02.90,,1,AUTHORITATIVE_MAPPING_PENDING
ExplanationOfBenefit,$.diagnosis[7].onAdmission.coding[0],CMS,https://www.cms.gov/Medicare/Medicare-Fee-for-Service-Payment/HospitalAcqCond/Coding,Z,,1,AUTHORITATIVE_MAPPING_PENDING
ExplanationOfBenefit,$.diagnosis[7].type[0].coding[0],HL7_FHIR,http://hl7.org/fhir/us/carin-bb/CodeSystem/C4BBClaimDiagnosisType,other,,1,AUTHORITATIVE_MAPPING_PENDING
ExplanationOfBenefit,$.diagnosis[8].diagnosisCodeableConcept.coding[0],HL7_FHIR,http://hl7.org/fhir/sid/icd-10-cm,W58.13XD,,1,AUTHORITATIVE_MAPPING_PENDING
ExplanationOfBenefit,$.diagnosis[8].onAdmission.coding[0],CMS,https://www.cms.gov/Medicare/Medicare-Fee-for-Service-Payment/HospitalAcqCond/Coding,W,,1,AUTHORITATIVE_MAPPING_PENDING
ExplanationOfBenefit,$.diagnosis[8].type[0].coding[0],HL7_FHIR,http://hl7.org/fhir/us/carin-bb/CodeSystem/C4BBClaimDiagnosisType,other,,1,AUTHORITATIVE_MAPPING_PENDING
ExplanationOfBenefit,$.diagnosis[9].diagnosisCodeableConcept.coding[0],HL7_FHIR,http://hl7.org/fhir/sid/icd-10-cm,E01.70,,1,AUTHORITATIVE_MAPPING_PENDING
ExplanationOfBenefit,$.diagnosis[9].type[0].coding[0],HL7_FHIR,http://hl7.org/fhir/us/carin-bb/CodeSystem/C4BBClaimDiagnosisType,other,,1,AUTHORITATIVE_MAPPING_PENDING
ExplanationOfBenefit,$.identifier[0].type.coding[0],HL7_FHIR,http://hl7.org/fhir/us/carin-bb/CodeSystem/C4BBIdentifierType,uc,Unique Claim ID,6,AUTHORITATIVE_MAPPING_PENDING
ExplanationOfBenefit,$.item[0].adjudication[0].category.coding[0],HL7_FHIR,http://hl7.org/fhir/us/carin-bb/CodeSystem/C4BBAdjudication,coinsurance,Co-insurance,2,AUTHORITATIVE_MAPPING_PENDING
ExplanationOfBenefit,$.item[0].adjudication[0].category.coding[0],HL7_TERMINOLOGY,http://terminology.hl7.org/CodeSystem/adjudication,deductible,Deductible,1,AUTHORITATIVE_MAPPING_PENDING
ExplanationOfBenefit,$.item[0].adjudication[0].category.coding[0],HL7_TERMINOLOGY,http://terminology.hl7.org/CodeSystem/adjudication,submitted,Submitted Amount,3,AUTHORITATIVE_MAPPING_PENDING
ExplanationOfBenefit,$.item[0].adjudication[0].category.coding[1],CMS_BLUE_BUTTON,https://bluebutton.cms.gov/fhir/CodeSystem/Adjudication,CLM_LINE_MDCR_COINSRNC_AMT,Coinsurance Amount,2,AUTHORITATIVE_MAPPING_PENDING
ExplanationOfBenefit,$.item[0].adjudication[0].category.coding[1],CMS_BLUE_BUTTON,https://bluebutton.cms.gov/fhir/CodeSystem/Adjudication,CLM_LINE_MDCR_DDCTBL_AMT,Cash Deductible Amount,1,AUTHORITATIVE_MAPPING_PENDING
ExplanationOfBenefit,$.item[0].adjudication[0].category.coding[1],CMS_BLUE_BUTTON,https://bluebutton.cms.gov/fhir/CodeSystem/Adjudication,TOT_RX_CST_AMT,Total RX Cost Amount,3,AUTHORITATIVE_MAPPING_PENDING
ExplanationOfBenefit,$.item[0].adjudication[10].category.coding[0],CMS_BLUE_BUTTON,https://bluebutton.cms.gov/fhir/CodeSystem/Adjudication,CLM_LINE_INSTNL_ADJSTD_AMT,Revenue Center Coinsurance/Wage Adjusted Coinsurance Amount,1,AUTHORITATIVE_MAPPING_PENDING
ExplanationOfBenefit,$.item[0].adjudication[10].category.coding[0],CMS_BLUE_BUTTON,https://bluebutton.cms.gov/fhir/CodeSystem/Adjudication,CLM_LINE_PRFNL_INTRST_AMT,Professional Interest Amount,2,AUTHORITATIVE_MAPPING_PENDING
ExplanationOfBenefit,$.item[0].adjudication[11].category.coding[0],CMS_BLUE_BUTTON,https://bluebutton.cms.gov/fhir/CodeSystem/Adjudication,CLM_LINE_INSTNL_RDCD_AMT,Revenue Center Reduced Coinsurance Amount,1,AUTHORITATIVE_MAPPING_PENDING
ExplanationOfBenefit,$.item[0].adjudication[11].category.coding[0],CMS_BLUE_BUTTON,https://bluebutton.cms.gov/fhir/CodeSystem/Adjudication,CLM_MDCR_PRMRY_PYR_ALOWD_AMT,Line Primary Payer Allowed Amount,2,AUTHORITATIVE_MAPPING_PENDING
ExplanationOfBenefit,$.item[0].adjudication[12].category.coding[0],CMS_BLUE_BUTTON,https://bluebutton.cms.gov/fhir/CodeSystem/Adjudication,CLM_LINE_CARR_PSYCH_OT_LMT_AMT,Therapy Amount Applied to Limit,2,AUTHORITATIVE_MAPPING_PENDING
ExplanationOfBenefit,$.item[0].adjudication[12].category.coding[0],CMS_BLUE_BUTTON,https://bluebutton.cms.gov/fhir/CodeSystem/Adjudication,CLM_LINE_INSTNL_RATE_AMT,Revenue Center Rate Amount,1,AUTHORITATIVE_MAPPING_PENDING
ExplanationOfBenefit,$.item[0].adjudication[13].category.coding[0],CMS_BLUE_BUTTON,https://bluebutton.cms.gov/fhir/CodeSystem/Adjudication,CLM_LINE_ADD_ON_PYMT_AMT,Add On Payment Amount,1,AUTHORITATIVE_MAPPING_PENDING
ExplanationOfBenefit,$.item[0].adjudication[13].category.coding[0],CMS_BLUE_BUTTON,https://bluebutton.cms.gov/fhir/CodeSystem/Adjudication,CLM_LINE_PRFNL_DME_PRICE_AMT,Purchase Price Amount,1,AUTHORITATIVE_MAPPING_PENDING
ExplanationOfBenefit,$.item[0].adjudication[14].category.coding[0],CMS_BLUE_BUTTON,https://bluebutton.cms.gov/fhir/CodeSystem/Adjudication,CLM_REV_CNTR_TDAPA_AMT,Transitional Drug Add-On Payment Adjustment,1,AUTHORITATIVE_MAPPING_PENDING
ExplanationOfBenefit,$.item[0].adjudication[1].category.coding[0],HL7_FHIR,http://hl7.org/fhir/us/carin-bb/CodeSystem/C4BBAdjudication,paidtopatient,Paid to patient,1,AUTHORITATIVE_MAPPING_PENDING
ExplanationOfBenefit,$.item[0].adjudication[1].category.coding[0],HL7_TERMINOLOGY,http://terminology.hl7.org/CodeSystem/adjudication,eligible,Eligible Amount,2,AUTHORITATIVE_MAPPING_PENDING
ExplanationOfBenefit,$.item[0].adjudication[1].category.coding[0],CMS_BLUE_BUTTON,https://bluebutton.cms.gov/fhir/CodeSystem/Adjudication,CLM_LINE_PLRO_AMT,Patient Liability Reduction Other Paid Amount,3,AUTHORITATIVE_MAPPING_PENDING
ExplanationOfBenefit,$.item[0].adjudication[1].category.coding[1],CMS_BLUE_BUTTON,https://bluebutton.cms.gov/fhir/CodeSystem/Adjudication,CLM_LINE_ALOWD_CHRG_AMT,Line Allowed Charge Amount,2,AUTHORITATIVE_MAPPING_PENDING
ExplanationOfBenefit,$.item[0].adjudication[1].category.coding[1],CMS_BLUE_BUTTON,https://bluebutton.cms.gov/fhir/CodeSystem/Adjudication,CLM_LINE_BENE_PD_AMT,Payment Amount to Beneficiary,1,AUTHORITATIVE_MAPPING_PENDING
ExplanationOfBenefit,$.item[0].adjudication[2].category.coding[0],HL7_FHIR,http://hl7.org/fhir/us/carin-bb/CodeSystem/C4BBAdjudication,paidbypatient,Paid by patient,1,AUTHORITATIVE_MAPPING_PENDING
ExplanationOfBenefit,$.item[0].adjudication[2].category.coding[0],HL7_TERMINOLOGY,http://terminology.hl7.org/CodeSystem/adjudication,deductible,Deductible,2,AUTHORITATIVE_MAPPING_PENDING
ExplanationOfBenefit,$.item[0].adjudication[2].category.coding[0],CMS_BLUE_BUTTON,https://bluebutton.cms.gov/fhir/CodeSystem/Adjudication,CLM_LINE_LIS_AMT,Low Income Cost Sharing Subsidy Amount,3,AUTHORITATIVE_MAPPING_PENDING
ExplanationOfBenefit,$.item[0].adjudication[2].category.coding[1],CMS_BLUE_BUTTON,https://bluebutton.cms.gov/fhir/CodeSystem/Adjudication,CLM_LINE_BENE_PMT_AMT,Line Paid By Beneficiary Amount,1,AUTHORITATIVE_MAPPING_PENDING
ExplanationOfBenefit,$.item[0].adjudication[2].category.coding[1],CMS_BLUE_BUTTON,https://bluebutton.cms.gov/fhir/CodeSystem/Adjudication,CLM_LINE_MDCR_DDCTBL_AMT,Cash Deductible Amount,2,AUTHORITATIVE_MAPPING_PENDING
ExplanationOfBenefit,$.item[0].adjudication[3].category.coding[0],HL7_FHIR,http://hl7.org/fhir/us/carin-bb/CodeSystem/C4BBAdjudication,noncovered,Noncovered,1,AUTHORITATIVE_MAPPING_PENDING
ExplanationOfBenefit,$.item[0].adjudication[3].category.coding[0],HL7_FHIR,http://hl7.org/fhir/us/carin-bb/CodeSystem/C4BBAdjudication,paidtopatient,Paid to patient,2,AUTHORITATIVE_MAPPING_PENDING
ExplanationOfBenefit,$.item[0].adjudication[3].category.coding[0],CMS_BLUE_BUTTON,https://bluebutton.cms.gov/fhir/CodeSystem/Adjudication,CLM_LINE_GRS_BLW_THRSHLD_AMT,Gross Drug Cost Below Out Of Pocket Threshold,3,AUTHORITATIVE_MAPPING_PENDING
ExplanationOfBenefit,$.item[0].adjudication[3].category.coding[1],CMS_BLUE_BUTTON,https://bluebutton.cms.gov/fhir/CodeSystem/Adjudication,CLM_LINE_BENE_PD_AMT,Payment Amount to Beneficiary,2,AUTHORITATIVE_MAPPING_PENDING
ExplanationOfBenefit,$.item[0].adjudication[3].category.coding[1],CMS_BLUE_BUTTON,https://bluebutton.cms.gov/fhir/CodeSystem/Adjudication,CLM_LINE_NCVRD_CHRG_AMT,Non-Covered Charge Amount,1,AUTHORITATIVE_MAPPING_PENDING
ExplanationOfBenefit,$.item[0].adjudication[4].category.coding[0],HL7_FHIR,http://hl7.org/fhir/us/carin-bb/CodeSystem/C4BBAdjudication,paidtoprovider,Paid to provider,3,AUTHORITATIVE_MAPPING_PENDING
ExplanationOfBenefit,$.item[0].adjudication[4].category.coding[0],CMS_BLUE_BUTTON,https://bluebutton.cms.gov/fhir/CodeSystem/Adjudication,CLM_LINE_GRS_ABOVE_THRSHLD_AMT,Gross Drug Cost Above Out Of Pocket Threshold,3,AUTHORITATIVE_MAPPING_PENDING
ExplanationOfBenefit,$.item[0].adjudication[4].category.coding[1],CMS_BLUE_BUTTON,https://bluebutton.cms.gov/fhir/CodeSystem/Adjudication,CLM_LINE_PRVDR_PMT_AMT,Line Provider Payment Amount,3,AUTHORITATIVE_MAPPING_PENDING
ExplanationOfBenefit,$.item[0].adjudication[5].category.coding[0],HL7_TERMINOLOGY,http://terminology.hl7.org/CodeSystem/adjudication,benefit,Benefit Amount,3,AUTHORITATIVE_MAPPING_PENDING
ExplanationOfBenefit,$.item[0].adjudication[5].category.coding[0],CMS_BLUE_BUTTON,https://bluebutton.cms.gov/fhir/CodeSystem/Adjudication,CLM_LINE_RPTD_GAP_DSCNT_AMT,Claim Line Reported Gap Discount Amount,3,AUTHORITATIVE_MAPPING_PENDING
ExplanationOfBenefit,$.item[0].adjudication[5].category.coding[1],CMS_BLUE_BUTTON,https://bluebutton.cms.gov/fhir/CodeSystem/Adjudication,CLM_LINE_CVRD_PD_AMT,Payment Amount,3,AUTHORITATIVE_MAPPING_PENDING
ExplanationOfBenefit,$.item[0].adjudication[6].category.coding[0],HL7_TERMINOLOGY,http://terminology.hl7.org/CodeSystem/adjudication,submitted,Submitted Amount,3,AUTHORITATIVE_MAPPING_PENDING
ExplanationOfBenefit,$.item[0].adjudication[6].category.coding[1],CMS_BLUE_BUTTON,https://bluebutton.cms.gov/fhir/CodeSystem/Adjudication,CLM_LINE_SBMT_CHRG_AMT,Line Submitted Charge Amount,3,AUTHORITATIVE_MAPPING_PENDING
ExplanationOfBenefit,$.item[0].adjudication[7].category.coding[0],HL7_FHIR,http://hl7.org/fhir/us/carin-bb/CodeSystem/C4BBAdjudication,priorpayerpaid,Prior payer paid,1,AUTHORITATIVE_MAPPING_PENDING
ExplanationOfBenefit,$.item[0].adjudication[7].category.coding[0],HL7_FHIR,http://hl7.org/fhir/us/carin-bb/CodeSystem/C4BBAdjudicationDiscriminator,benefitpaymentstatus,Benefit Payment Status,2,AUTHORITATIVE_MAPPING_PENDING
ExplanationOfBenefit,$.item[0].adjudication[7].category.coding[1],CMS_BLUE_BUTTON,https://bluebutton.cms.gov/fhir/CodeSystem/Adjudication,CLM_LINE_INSTNL_MSP1_PD_AMT,Revenue Center 1st MSP Paid Amount,1,AUTHORITATIVE_MAPPING_PENDING
ExplanationOfBenefit,$.item[0].adjudication[7].reason.coding[0],HL7_FHIR,http://hl7.org/fhir/us/carin-bb/CodeSystem/C4BBPayerAdjudicationStatus,other,Other,2,AUTHORITATIVE_MAPPING_PENDING
ExplanationOfBenefit,$.item[0].adjudication[8].category.coding[0],HL7_FHIR,http://hl7.org/fhir/us/carin-bb/CodeSystem/C4BBAdjudication,priorpayerpaid,Prior payer paid,3,AUTHORITATIVE_MAPPING_PENDING
ExplanationOfBenefit,$.item[0].adjudication[8].category.coding[1],CMS_BLUE_BUTTON,https://bluebutton.cms.gov/fhir/CodeSystem/Adjudication,CLM_BENE_PRMRY_PYR_PD_AMT,Line Primary Payer Paid Amount,2,AUTHORITATIVE_MAPPING_PENDING
ExplanationOfBenefit,$.item[0].adjudication[8].category.coding[1],CMS_BLUE_BUTTON,https://bluebutton.cms.gov/fhir/CodeSystem/Adjudication,CLM_LINE_INSTNL_MSP2_PD_AMT,Revenue Center 2nd MSP Paid Amount,1,AUTHORITATIVE_MAPPING_PENDING
ExplanationOfBenefit,$.item[0].adjudication[9].category.coding[0],HL7_FHIR,http://hl7.org/fhir/us/carin-bb/CodeSystem/C4BBAdjudication,discount,Discount,2,AUTHORITATIVE_MAPPING_PENDING
ExplanationOfBenefit,$.item[0].adjudication[9].category.coding[0],CMS_BLUE_BUTTON,https://bluebutton.cms.gov/fhir/CodeSystem/Adjudication,CLM_LINE_BLOOD_DDCTBL_AMT,Blood Deductible Amount,1,AUTHORITATIVE_MAPPING_PENDING
ExplanationOfBenefit,$.item[0].adjudication[9].category.coding[1],CMS_BLUE_BUTTON,https://bluebutton.cms.gov/fhir/CodeSystem/Adjudication,CLM_LINE_DMERC_SCRN_SVGS_AMT,Screen Savings Amount,2,AUTHORITATIVE_MAPPING_PENDING
ExplanationOfBenefit,$.item[0].detail[0].productOrService.coding[0],HL7_FHIR,http://hl7.org/fhir/sid/ndc,00338004904,,1,AUTHORITATIVE_MAPPING_PENDING
ExplanationOfBenefit,$.item[0].detail[0].productOrService.coding[0],HL7_FHIR,http://hl7.org/fhir/sid/ndc,00338011704,,1,AUTHORITATIVE_MAPPING_PENDING
ExplanationOfBenefit,$.item[0].detail[0].productOrService.coding[0],HL7_FHIR,http://hl7.org/fhir/sid/ndc,264180032,,1,AUTHORITATIVE_MAPPING_PENDING
ExplanationOfBenefit,$.item[0].detail[0].productOrService.coding[0],HL7_FHIR,http://hl7.org/fhir/sid/ndc,264780020,,1,AUTHORITATIVE_MAPPING_PENDING
ExplanationOfBenefit,$.item[0].detail[0].productOrService.coding[0],HL7_FHIR,http://hl7.org/fhir/sid/ndc,338011704,,1,AUTHORITATIVE_MAPPING_PENDING
ExplanationOfBenefit,$.item[0].detail[0].quantity,EXTERNAL_OR_UNKNOWN,http://unitsofmeasure.org,mL,,4,AUTHORITATIVE_MAPPING_PENDING
ExplanationOfBenefit,$.item[0].extension[0].valueCoding,CMS_BLUE_BUTTON,https://bluebutton.cms.gov/fhir/CodeSystem/CLM-OTAF-ONE-IND-CD,Y,,1,AUTHORITATIVE_MAPPING_PENDING
ExplanationOfBenefit,$.item[0].extension[0].valueCoding,CMS_BLUE_BUTTON,https://bluebutton.cms.gov/fhir/CodeSystem/CLM-PMT-80-100-CD,4,75% reimbursement,1,AUTHORITATIVE_MAPPING_PENDING
ExplanationOfBenefit,$.item[0].extension[0].valueCoding,CMS_BLUE_BUTTON,https://bluebutton.cms.gov/fhir/CodeSystem/CLM-PRVDR-TYPE-CD,2,PHYSICIANS OR SUPPLIERS BILLING AS SOLO-PRACTITIONERS FOR THE CARRIER'S OWN PHYSICIAN ID CODE IS SHOWN.,1,AUTHORITATIVE_MAPPING_PENDING
ExplanationOfBenefit,$.item[0].extension[1].valueCoding,CMS_BLUE_BUTTON,https://bluebutton.cms.gov/fhir/CodeSystem/CLM-PMT-80-100-CD,4,75% reimbursement,1,AUTHORITATIVE_MAPPING_PENDING
ExplanationOfBenefit,$.item[0].extension[1].valueCoding,CMS_BLUE_BUTTON,https://bluebutton.cms.gov/fhir/CodeSystem/CLM-REV-CNTR-STUS-CD,Y,,1,AUTHORITATIVE_MAPPING_PENDING
ExplanationOfBenefit,$.item[0].extension[1].valueCoding,CMS_BLUE_BUTTON,https://bluebutton.cms.gov/fhir/CodeSystem/CLM-SRVC-DDCTBL-SW,1,Service Not Subject to Deductible,1,AUTHORITATIVE_MAPPING_PENDING
ExplanationOfBenefit,$.item[0].extension[2].valueCoding,CMS_BLUE_BUTTON,https://bluebutton.cms.gov/fhir/CodeSystem/CLM-MTUS-IND-CD,2,ANESTHESIA TIME UNITS,1,AUTHORITATIVE_MAPPING_PENDING
ExplanationOfBenefit,$.item[0].extension[2].valueCoding,CMS_BLUE_BUTTON,https://bluebutton.cms.gov/fhir/CodeSystem/CLM-REV-DSCNT-IND-CD,2,,1,AUTHORITATIVE_MAPPING_PENDING
ExplanationOfBenefit,$.item[0].extension[2].valueCoding,CMS_BLUE_BUTTON,https://bluebutton.cms.gov/fhir/CodeSystem/CLM-SRVC-DDCTBL-SW,0,Service Subject to Deductible,1,AUTHORITATIVE_MAPPING_PENDING
ExplanationOfBenefit,$.item[0].extension[3].valueCoding,CMS_BLUE_BUTTON,https://bluebutton.cms.gov/fhir/CodeSystem/CLM-MTUS-IND-CD,4,OXYGEN VOLUME UNITS,1,AUTHORITATIVE_MAPPING_PENDING
ExplanationOfBenefit,$.item[0].extension[3].valueCoding,CMS_BLUE_BUTTON,https://bluebutton.cms.gov/fhir/CodeSystem/CLM-PRCSG-IND-CD,Z,"Bundled test, no payment",1,AUTHORITATIVE_MAPPING_PENDING
ExplanationOfBenefit,$.item[0].extension[3].valueCoding,CMS_BLUE_BUTTON,https://bluebutton.cms.gov/fhir/CodeSystem/CLM-REV-PACKG-IND-CD,1,PACKAGED SERVICE (SERVICE INDICATOR N),1,AUTHORITATIVE_MAPPING_PENDING
ExplanationOfBenefit,$.item[0].extension[4].valueCoding,CMS_BLUE_BUTTON,https://bluebutton.cms.gov/fhir/CodeSystem/CLM-PRCSG-IND-CD,A,Allowed,1,AUTHORITATIVE_MAPPING_PENDING
ExplanationOfBenefit,$.item[0].extension[4].valueCoding,CMS_BLUE_BUTTON,https://bluebutton.cms.gov/fhir/CodeSystem/CLM-PRVDR-TYPE-CD,55,OPTICIAN,1,AUTHORITATIVE_MAPPING_PENDING
ExplanationOfBenefit,$.item[0].extension[4].valueCoding,CMS_BLUE_BUTTON,https://bluebutton.cms.gov/fhir/CodeSystem/CLM-REV-PMT-MTHD-CD,14,,1,AUTHORITATIVE_MAPPING_PENDING
ExplanationOfBenefit,$.item[0].extension[5].valueCoding,CMS_BLUE_BUTTON,https://bluebutton.cms.gov/fhir/CodeSystem/CLM-PRVDR-TYPE-CD,23,MULTIPLE PHYSICIAN PRACTICE,1,AUTHORITATIVE_MAPPING_PENDING
ExplanationOfBenefit,$.item[0].locationCodeableConcept.coding[0],CMS,https://www.cms.gov/Medicare/Coding/place-of-service-codes/Place_of_Service_Code_Set,60,Mass Immunization Center,1,AUTHORITATIVE_MAPPING_PENDING
ExplanationOfBenefit,$.item[0].locationCodeableConcept.coding[0],CMS,https://www.cms.gov/Medicare/Coding/place-of-service-codes/Place_of_Service_Code_Set,91,Unassigned,1,AUTHORITATIVE_MAPPING_PENDING
ExplanationOfBenefit,$.item[0].modifier[0].coding[0],AMA_CPT,http://www.ama-assn.org/go/cpt,23,,1,AUTHORITATIVE_MAPPING_PENDING
ExplanationOfBenefit,$.item[0].modifier[0].coding[0],AMA_CPT,http://www.ama-assn.org/go/cpt,32,,1,AUTHORITATIVE_MAPPING_PENDING
ExplanationOfBenefit,$.item[0].modifier[0].coding[1],AMA_CPT,http://www.ama-assn.org/go/cpt,28,,1,AUTHORITATIVE_MAPPING_PENDING
ExplanationOfBenefit,$.item[0].modifier[0].coding[1],CMS,https://www.cms.gov/Medicare/Coding/HCPCSReleaseCodeSets,PC,,1,AUTHORITATIVE_MAPPING_PENDING
ExplanationOfBenefit,$.item[0].modifier[0].coding[2],CMS,https://www.cms.gov/Medicare/Coding/HCPCSReleaseCodeSets,PC,,1,AUTHORITATIVE_MAPPING_PENDING
ExplanationOfBenefit,$.item[0].modifier[0].coding[3],AMA_CPT,http://www.ama-assn.org/go/cpt,28,,1,AUTHORITATIVE_MAPPING_PENDING
ExplanationOfBenefit,$.item[0].modifier[0].coding[4],CMS,https://www.cms.gov/Medicare/Coding/HCPCSReleaseCodeSets,US,,1,AUTHORITATIVE_MAPPING_PENDING
ExplanationOfBenefit,$.item[0].productOrService.coding[0],HL7_FHIR,http://hl7.org/fhir/sid/ndc,264180032,,1,AUTHORITATIVE_MAPPING_PENDING
ExplanationOfBenefit,$.item[0].productOrService.coding[0],HL7_FHIR,http://hl7.org/fhir/sid/ndc,264780020,,1,AUTHORITATIVE_MAPPING_PENDING
ExplanationOfBenefit,$.item[0].productOrService.coding[0],HL7_FHIR,http://hl7.org/fhir/us/carin-bb/CodeSystem/C4BBCompoundLiteral,compound,,1,AUTHORITATIVE_MAPPING_PENDING
ExplanationOfBenefit,$.item[0].productOrService.coding[0],AMA_CPT,http://www.ama-assn.org/go/cpt,99213,,2,AUTHORITATIVE_MAPPING_PENDING
ExplanationOfBenefit,$.item[0].productOrService.coding[0],CMS,https://www.cms.gov/Medicare/Coding/HCPCSReleaseCodeSets,J2270,,1,AUTHORITATIVE_MAPPING_PENDING
ExplanationOfBenefit,$.item[0].revenue.coding[0],CMS_BLUE_BUTTON,https://bluebutton.cms.gov/fhir/CodeSystem/CLM-REV-CNTR-CD,0303,LABORATORY - RENAL PATIENT (HOME),1,AUTHORITATIVE_MAPPING_PENDING
ExplanationOfBenefit,$.item[0].revenue.coding[1],EXTERNAL_OR_UNKNOWN,https://www.nubc.org/CodeSystem/RevenueCodes,0303,,1,AUTHORITATIVE_MAPPING_PENDING
ExplanationOfBenefit,$.item[0].revenue.coding[2],CMS_BLUE_BUTTON,https://bluebutton.cms.gov/fhir/CodeSystem/CLM-DDCTBL-COINSRNC-CD,4,"No charge or units associated with this revenue center code. (For multiple HCPCS per single revenue center code) For revenue center code 0001, the following MSP override values may be present:",1,AUTHORITATIVE_MAPPING_PENDING
ExplanationOfBenefit,$.item[10].adjudication[0].category.coding[0],HL7_FHIR,http://hl7.org/fhir/us/carin-bb/CodeSystem/C4BBAdjudication,coinsurance,Co-insurance,1,AUTHORITATIVE_MAPPING_PENDING
ExplanationOfBenefit,$.item[10].adjudication[0].category.coding[0],HL7_TERMINOLOGY,http://terminology.hl7.org/CodeSystem/adjudication,deductible,Deductible,1,AUTHORITATIVE_MAPPING_PENDING
ExplanationOfBenefit,$.item[10].adjudication[0].category.coding[1],CMS_BLUE_BUTTON,https://bluebutton.cms.gov/fhir/CodeSystem/Adjudication,CLM_LINE_MDCR_COINSRNC_AMT,Coinsurance Amount,1,AUTHORITATIVE_MAPPING_PENDING
ExplanationOfBenefit,$.item[10].adjudication[0].category.coding[1],CMS_BLUE_BUTTON,https://bluebutton.cms.gov/fhir/CodeSystem/Adjudication,CLM_LINE_MDCR_DDCTBL_AMT,Cash Deductible Amount,1,AUTHORITATIVE_MAPPING_PENDING
ExplanationOfBenefit,$.item[10].adjudication[10].category.coding[0],CMS_BLUE_BUTTON,https://bluebutton.cms.gov/fhir/CodeSystem/Adjudication,CLM_LINE_INSTNL_ADJSTD_AMT,Revenue Center Coinsurance/Wage Adjusted Coinsurance Amount,1,AUTHORITATIVE_MAPPING_PENDING
ExplanationOfBenefit,$.item[10].adjudication[10].category.coding[0],CMS_BLUE_BUTTON,https://bluebutton.cms.gov/fhir/CodeSystem/Adjudication,CLM_LINE_PRFNL_INTRST_AMT,Professional Interest Amount,1,AUTHORITATIVE_MAPPING_PENDING
ExplanationOfBenefit,$.item[10].adjudication[11].category.coding[0],CMS_BLUE_BUTTON,https://bluebutton.cms.gov/fhir/CodeSystem/Adjudication,CLM_LINE_INSTNL_RDCD_AMT,Revenue Center Reduced Coinsurance Amount,1,AUTHORITATIVE_MAPPING_PENDING
ExplanationOfBenefit,$.item[10].adjudication[11].category.coding[0],CMS_BLUE_BUTTON,https://bluebutton.cms.gov/fhir/CodeSystem/Adjudication,CLM_MDCR_PRMRY_PYR_ALOWD_AMT,Line Primary Payer Allowed Amount,1,AUTHORITATIVE_MAPPING_PENDING
ExplanationOfBenefit,$.item[10].adjudication[12].category.coding[0],CMS_BLUE_BUTTON,https://bluebutton.cms.gov/fhir/CodeSystem/Adjudication,CLM_LINE_CARR_PSYCH_OT_LMT_AMT,Therapy Amount Applied to Limit,1,AUTHORITATIVE_MAPPING_PENDING
ExplanationOfBenefit,$.item[10].adjudication[12].category.coding[0],CMS_BLUE_BUTTON,https://bluebutton.cms.gov/fhir/CodeSystem/Adjudication,CLM_LINE_INSTNL_RATE_AMT,Revenue Center Rate Amount,1,AUTHORITATIVE_MAPPING_PENDING
ExplanationOfBenefit,$.item[10].adjudication[13].category.coding[0],CMS_BLUE_BUTTON,https://bluebutton.cms.gov/fhir/CodeSystem/Adjudication,CLM_LINE_ADD_ON_PYMT_AMT,Add On Payment Amount,1,AUTHORITATIVE_MAPPING_PENDING
ExplanationOfBenefit,$.item[10].adjudication[13].category.coding[0],CMS_BLUE_BUTTON,https://bluebutton.cms.gov/fhir/CodeSystem/Adjudication,CLM_LINE_PRFNL_DME_PRICE_AMT,Purchase Price Amount,1,AUTHORITATIVE_MAPPING_PENDING
ExplanationOfBenefit,$.item[10].adjudication[14].category.coding[0],CMS_BLUE_BUTTON,https://bluebutton.cms.gov/fhir/CodeSystem/Adjudication,CLM_REV_CNTR_TDAPA_AMT,Transitional Drug Add-On Payment Adjustment,1,AUTHORITATIVE_MAPPING_PENDING
ExplanationOfBenefit,$.item[10].adjudication[1].category.coding[0],HL7_FHIR,http://hl7.org/fhir/us/carin-bb/CodeSystem/C4BBAdjudication,paidtopatient,Paid to patient,1,AUTHORITATIVE_MAPPING_PENDING
ExplanationOfBenefit,$.item[10].adjudication[1].category.coding[0],HL7_TERMINOLOGY,http://terminology.hl7.org/CodeSystem/adjudication,eligible,Eligible Amount,1,AUTHORITATIVE_MAPPING_PENDING
ExplanationOfBenefit,$.item[10].adjudication[1].category.coding[1],CMS_BLUE_BUTTON,https://bluebutton.cms.gov/fhir/CodeSystem/Adjudication,CLM_LINE_ALOWD_CHRG_AMT,Line Allowed Charge Amount,1,AUTHORITATIVE_MAPPING_PENDING
ExplanationOfBenefit,$.item[10].adjudication[1].category.coding[1],CMS_BLUE_BUTTON,https://bluebutton.cms.gov/fhir/CodeSystem/Adjudication,CLM_LINE_BENE_PD_AMT,Payment Amount to Beneficiary,1,AUTHORITATIVE_MAPPING_PENDING
ExplanationOfBenefit,$.item[10].adjudication[2].category.coding[0],HL7_FHIR,http://hl7.org/fhir/us/carin-bb/CodeSystem/C4BBAdjudication,paidbypatient,Paid by patient,1,AUTHORITATIVE_MAPPING_PENDING
ExplanationOfBenefit,$.item[10].adjudication[2].category.coding[0],HL7_TERMINOLOGY,http://terminology.hl7.org/CodeSystem/adjudication,deductible,Deductible,1,AUTHORITATIVE_MAPPING_PENDING
ExplanationOfBenefit,$.item[10].adjudication[2].category.coding[1],CMS_BLUE_BUTTON,https://bluebutton.cms.gov/fhir/CodeSystem/Adjudication,CLM_LINE_BENE_PMT_AMT,Line Paid By Beneficiary Amount,1,AUTHORITATIVE_MAPPING_PENDING
ExplanationOfBenefit,$.item[10].adjudication[2].category.coding[1],CMS_BLUE_BUTTON,https://bluebutton.cms.gov/fhir/CodeSystem/Adjudication,CLM_LINE_MDCR_DDCTBL_AMT,Cash Deductible Amount,1,AUTHORITATIVE_MAPPING_PENDING
ExplanationOfBenefit,$.item[10].adjudication[3].category.coding[0],HL7_FHIR,http://hl7.org/fhir/us/carin-bb/CodeSystem/C4BBAdjudication,noncovered,Noncovered,1,AUTHORITATIVE_MAPPING_PENDING
ExplanationOfBenefit,$.item[10].adjudication[3].category.coding[0],HL7_FHIR,http://hl7.org/fhir/us/carin-bb/CodeSystem/C4BBAdjudication,paidtopatient,Paid to patient,1,AUTHORITATIVE_MAPPING_PENDING
ExplanationOfBenefit,$.item[10].adjudication[3].category.coding[1],CMS_BLUE_BUTTON,https://bluebutton.cms.gov/fhir/CodeSystem/Adjudication,CLM_LINE_BENE_PD_AMT,Payment Amount to Beneficiary,1,AUTHORITATIVE_MAPPING_PENDING
ExplanationOfBenefit,$.item[10].adjudication[3].category.coding[1],CMS_BLUE_BUTTON,https://bluebutton.cms.gov/fhir/CodeSystem/Adjudication,CLM_LINE_NCVRD_CHRG_AMT,Non-Covered Charge Amount,1,AUTHORITATIVE_MAPPING_PENDING
ExplanationOfBenefit,$.item[10].adjudication[4].category.coding[0],HL7_FHIR,http://hl7.org/fhir/us/carin-bb/CodeSystem/C4BBAdjudication,paidtoprovider,Paid to provider,2,AUTHORITATIVE_MAPPING_PENDING
ExplanationOfBenefit,$.item[10].adjudication[4].category.coding[1],CMS_BLUE_BUTTON,https://bluebutton.cms.gov/fhir/CodeSystem/Adjudication,CLM_LINE_PRVDR_PMT_AMT,Line Provider Payment Amount,2,AUTHORITATIVE_MAPPING_PENDING
ExplanationOfBenefit,$.item[10].adjudication[5].category.coding[0],HL7_TERMINOLOGY,http://terminology.hl7.org/CodeSystem/adjudication,benefit,Benefit Amount,2,AUTHORITATIVE_MAPPING_PENDING
ExplanationOfBenefit,$.item[10].adjudication[5].category.coding[1],CMS_BLUE_BUTTON,https://bluebutton.cms.gov/fhir/CodeSystem/Adjudication,CLM_LINE_CVRD_PD_AMT,Payment Amount,2,AUTHORITATIVE_MAPPING_PENDING
ExplanationOfBenefit,$.item[10].adjudication[6].category.coding[0],HL7_TERMINOLOGY,http://terminology.hl7.org/CodeSystem/adjudication,submitted,Submitted Amount,2,AUTHORITATIVE_MAPPING_PENDING
ExplanationOfBenefit,$.item[10].adjudication[6].category.coding[1],CMS_BLUE_BUTTON,https://bluebutton.cms.gov/fhir/CodeSystem/Adjudication,CLM_LINE_SBMT_CHRG_AMT,Line Submitted Charge Amount,2,AUTHORITATIVE_MAPPING_PENDING
ExplanationOfBenefit,$.item[10].adjudication[7].category.coding[0],HL7_FHIR,http://hl7.org/fhir/us/carin-bb/CodeSystem/C4BBAdjudication,priorpayerpaid,Prior payer paid,1,AUTHORITATIVE_MAPPING_PENDING
ExplanationOfBenefit,$.item[10].adjudication[7].category.coding[0],HL7_FHIR,http://hl7.org/fhir/us/carin-bb/CodeSystem/C4BBAdjudicationDiscriminator,benefitpaymentstatus,Benefit Payment Status,1,AUTHORITATIVE_MAPPING_PENDING
ExplanationOfBenefit,$.item[10].adjudication[7].category.coding[1],CMS_BLUE_BUTTON,https://bluebutton.cms.gov/fhir/CodeSystem/Adjudication,CLM_LINE_INSTNL_MSP1_PD_AMT,Revenue Center 1st MSP Paid Amount,1,AUTHORITATIVE_MAPPING_PENDING
ExplanationOfBenefit,$.item[10].adjudication[7].reason.coding[0],HL7_FHIR,http://hl7.org/fhir/us/carin-bb/CodeSystem/C4BBPayerAdjudicationStatus,other,Other,1,AUTHORITATIVE_MAPPING_PENDING
ExplanationOfBenefit,$.item[10].adjudication[8].category.coding[0],HL7_FHIR,http://hl7.org/fhir/us/carin-bb/CodeSystem/C4BBAdjudication,priorpayerpaid,Prior payer paid,2,AUTHORITATIVE_MAPPING_PENDING
ExplanationOfBenefit,$.item[10].adjudication[8].category.coding[1],CMS_BLUE_BUTTON,https://bluebutton.cms.gov/fhir/CodeSystem/Adjudication,CLM_BENE_PRMRY_PYR_PD_AMT,Line Primary Payer Paid Amount,1,AUTHORITATIVE_MAPPING_PENDING
ExplanationOfBenefit,$.item[10].adjudication[8].category.coding[1],CMS_BLUE_BUTTON,https://bluebutton.cms.gov/fhir/CodeSystem/Adjudication,CLM_LINE_INSTNL_MSP2_PD_AMT,Revenue Center 2nd MSP Paid Amount,1,AUTHORITATIVE_MAPPING_PENDING
ExplanationOfBenefit,$.item[10].adjudication[9].category.coding[0],HL7_FHIR,http://hl7.org/fhir/us/carin-bb/CodeSystem/C4BBAdjudication,discount,Discount,1,AUTHORITATIVE_MAPPING_PENDING
ExplanationOfBenefit,$.item[10].adjudication[9].category.coding[0],CMS_BLUE_BUTTON,https://bluebutton.cms.gov/fhir/CodeSystem/Adjudication,CLM_LINE_BLOOD_DDCTBL_AMT,Blood Deductible Amount,1,AUTHORITATIVE_MAPPING_PENDING
ExplanationOfBenefit,$.item[10].adjudication[9].category.coding[1],CMS_BLUE_BUTTON,https://bluebutton.cms.gov/fhir/CodeSystem/Adjudication,CLM_LINE_DMERC_SCRN_SVGS_AMT,Screen Savings Amount,1,AUTHORITATIVE_MAPPING_PENDING
ExplanationOfBenefit,$.item[10].detail[0].productOrService.coding[0],HL7_FHIR,http://hl7.org/fhir/sid/ndc,00264180031,,1,AUTHORITATIVE_MAPPING_PENDING
ExplanationOfBenefit,$.item[10].detail[0].quantity,EXTERNAL_OR_UNKNOWN,http://unitsofmeasure.org,mL,,1,AUTHORITATIVE_MAPPING_PENDING
ExplanationOfBenefit,$.item[10].extension[0].valueCoding,CMS_BLUE_BUTTON,https://bluebutton.cms.gov/fhir/CodeSystem/CLM-OTAF-ONE-IND-CD,Y,,1,AUTHORITATIVE_MAPPING_PENDING
ExplanationOfBenefit,$.item[10].extension[0].valueCoding,CMS_BLUE_BUTTON,https://bluebutton.cms.gov/fhir/CodeSystem/CLM-PRVDR-TYPE-CD,6,INSTITUTIONAL PROVIDERS AND INDEPENDENT LABORATORIES FOR WHOM THE CARRIER'S OWN ID NUMBER IS SHOWN.,1,AUTHORITATIVE_MAPPING_PENDING
ExplanationOfBenefit,$.item[10].extension[1].valueCoding,CMS_BLUE_BUTTON,https://bluebutton.cms.gov/fhir/CodeSystem/CLM-PMT-80-100-CD,3,100% Limitation of liability only,1,AUTHORITATIVE_MAPPING_PENDING
ExplanationOfBenefit,$.item[10].extension[1].valueCoding,CMS_BLUE_BUTTON,https://bluebutton.cms.gov/fhir/CodeSystem/CLM-REV-CNTR-STUS-CD,Q,,1,AUTHORITATIVE_MAPPING_PENDING
ExplanationOfBenefit,$.item[10].extension[2].valueCoding,CMS_BLUE_BUTTON,https://bluebutton.cms.gov/fhir/CodeSystem/CLM-REV-DSCNT-IND-CD,6,,1,AUTHORITATIVE_MAPPING_PENDING
ExplanationOfBenefit,$.item[10].extension[2].valueCoding,CMS_BLUE_BUTTON,https://bluebutton.cms.gov/fhir/CodeSystem/CLM-SRVC-DDCTBL-SW,0,Service Subject to Deductible,1,AUTHORITATIVE_MAPPING_PENDING
ExplanationOfBenefit,$.item[10].extension[3].valueCoding,CMS_BLUE_BUTTON,https://bluebutton.cms.gov/fhir/CodeSystem/CLM-MTUS-IND-CD,0,VALUES REPORTED AS ZERO,1,AUTHORITATIVE_MAPPING_PENDING
ExplanationOfBenefit,$.item[10].extension[3].valueCoding,CMS_BLUE_BUTTON,https://bluebutton.cms.gov/fhir/CodeSystem/CLM-REV-PMT-MTHD-CD,6,,1,AUTHORITATIVE_MAPPING_PENDING
ExplanationOfBenefit,$.item[10].extension[4].valueCoding,CMS_BLUE_BUTTON,https://bluebutton.cms.gov/fhir/CodeSystem/CLM-PHYSN-ASTNT-CD,0,N/A,1,AUTHORITATIVE_MAPPING_PENDING
ExplanationOfBenefit,$.item[10].extension[5].valueCoding,CMS_BLUE_BUTTON,https://bluebutton.cms.gov/fhir/CodeSystem/CLM-PRCSG-IND-CD,C,Non-covered care,1,AUTHORITATIVE_MAPPING_PENDING
ExplanationOfBenefit,$.item[10].extension[6].valueCoding,CMS_BLUE_BUTTON,https://bluebutton.cms.gov/fhir/CodeSystem/CLM-PRVDR-TYPE-CD,5,INSTITUTIONAL PROVIDERS AND INDEPENDENT LABORATORIES FOR WHOM EMPLOYER ID NUMBERS ARE USED IN CODING THE ID FIELD.,1,AUTHORITATIVE_MAPPING_PENDING
ExplanationOfBenefit,$.item[10].locationCodeableConcept.coding[0],CMS,https://www.cms.gov/Medicare/Coding/place-of-service-codes/Place_of_Service_Code_Set,75,Unassigned,1,AUTHORITATIVE_MAPPING_PENDING
ExplanationOfBenefit,$.item[10].modifier[0].coding[0],CMS,https://www.cms.gov/Medicare/Coding/HCPCSReleaseCodeSets,PD,,1,AUTHORITATIVE_MAPPING_PENDING
ExplanationOfBenefit,$.item[10].modifier[0].coding[0],CMS,https://www.cms.gov/Medicare/Coding/HCPCSReleaseCodeSets,US,,1,AUTHORITATIVE_MAPPING_PENDING
ExplanationOfBenefit,$.item[10].modifier[0].coding[1],AMA_CPT,http://www.ama-assn.org/go/cpt,23,,2,AUTHORITATIVE_MAPPING_PENDING
ExplanationOfBenefit,$.item[10].modifier[0].coding[2],AMA_CPT,http://www.ama-assn.org/go/cpt,32,,1,AUTHORITATIVE_MAPPING_PENDING
ExplanationOfBenefit,$.item[10].productOrService.coding[0],AMA_CPT,http://www.ama-assn.org/go/cpt,99213,,1,AUTHORITATIVE_MAPPING_PENDING
ExplanationOfBenefit,$.item[10].productOrService.coding[0],CMS,https://www.cms.gov/Medicare/Coding/HCPCSReleaseCodeSets,J2270,,1,AUTHORITATIVE_MAPPING_PENDING
ExplanationOfBenefit,$.item[10].revenue.coding[0],CMS_BLUE_BUTTON,https://bluebutton.cms.gov/fhir/CodeSystem/CLM-REV-CNTR-CD,0251,"PHARMACY (ALSO SEE 063X, AN EXTENSION OF 025X) - GENERIC DRUGS",1,AUTHORITATIVE_MAPPING_PENDING
ExplanationOfBenefit,$.item[10].revenue.coding[1],EXTERNAL_OR_UNKNOWN,https://www.nubc.org/CodeSystem/RevenueCodes,0251,,1,AUTHORITATIVE_MAPPING_PENDING
ExplanationOfBenefit,$.item[10].revenue.coding[2],CMS_BLUE_BUTTON,https://bluebutton.cms.gov/fhir/CodeSystem/CLM-DDCTBL-COINSRNC-CD,1,Charges are not subject to deductible,1,AUTHORITATIVE_MAPPING_PENDING
ExplanationOfBenefit,$.item[11].adjudication[0].category.coding[0],HL7_TERMINOLOGY,http://terminology.hl7.org/CodeSystem/adjudication,deductible,Deductible,1,AUTHORITATIVE_MAPPING_PENDING
ExplanationOfBenefit,$.item[11].adjudication[0].category.coding[1],CMS_BLUE_BUTTON,https://bluebutton.cms.gov/fhir/CodeSystem/Adjudication,CLM_LINE_MDCR_DDCTBL_AMT,Cash Deductible Amount,1,AUTHORITATIVE_MAPPING_PENDING
ExplanationOfBenefit,$.item[11].adjudication[10].category.coding[0],CMS_BLUE_BUTTON,https://bluebutton.cms.gov/fhir/CodeSystem/Adjudication,CLM_LINE_INSTNL_ADJSTD_AMT,Revenue Center Coinsurance/Wage Adjusted Coinsurance Amount,1,AUTHORITATIVE_MAPPING_PENDING
ExplanationOfBenefit,$.item[11].adjudication[11].category.coding[0],CMS_BLUE_BUTTON,https://bluebutton.cms.gov/fhir/CodeSystem/Adjudication,CLM_LINE_INSTNL_RDCD_AMT,Revenue Center Reduced Coinsurance Amount,1,AUTHORITATIVE_MAPPING_PENDING
ExplanationOfBenefit,$.item[11].adjudication[12].category.coding[0],CMS_BLUE_BUTTON,https://bluebutton.cms.gov/fhir/CodeSystem/Adjudication,CLM_LINE_INSTNL_RATE_AMT,Revenue Center Rate Amount,1,AUTHORITATIVE_MAPPING_PENDING
ExplanationOfBenefit,$.item[11].adjudication[13].category.coding[0],CMS_BLUE_BUTTON,https://bluebutton.cms.gov/fhir/CodeSystem/Adjudication,CLM_LINE_ADD_ON_PYMT_AMT,Add On Payment Amount,1,AUTHORITATIVE_MAPPING_PENDING
ExplanationOfBenefit,$.item[11].adjudication[14].category.coding[0],CMS_BLUE_BUTTON,https://bluebutton.cms.gov/fhir/CodeSystem/Adjudication,CLM_REV_CNTR_TDAPA_AMT,Transitional Drug Add-On Payment Adjustment,1,AUTHORITATIVE_MAPPING_PENDING
ExplanationOfBenefit,$.item[11].adjudication[1].category.coding[0],HL7_FHIR,http://hl7.org/fhir/us/carin-bb/CodeSystem/C4BBAdjudication,paidtopatient,Paid to patient,1,AUTHORITATIVE_MAPPING_PENDING
ExplanationOfBenefit,$.item[11].adjudication[1].category.coding[1],CMS_BLUE_BUTTON,https://bluebutton.cms.gov/fhir/CodeSystem/Adjudication,CLM_LINE_BENE_PD_AMT,Payment Amount to Beneficiary,1,AUTHORITATIVE_MAPPING_PENDING
ExplanationOfBenefit,$.item[11].adjudication[2].category.coding[0],HL7_FHIR,http://hl7.org/fhir/us/carin-bb/CodeSystem/C4BBAdjudication,paidbypatient,Paid by patient,1,AUTHORITATIVE_MAPPING_PENDING
ExplanationOfBenefit,$.item[11].adjudication[2].category.coding[1],CMS_BLUE_BUTTON,https://bluebutton.cms.gov/fhir/CodeSystem/Adjudication,CLM_LINE_BENE_PMT_AMT,Line Paid By Beneficiary Amount,1,AUTHORITATIVE_MAPPING_PENDING
ExplanationOfBenefit,$.item[11].adjudication[3].category.coding[0],HL7_FHIR,http://hl7.org/fhir/us/carin-bb/CodeSystem/C4BBAdjudication,noncovered,Noncovered,1,AUTHORITATIVE_MAPPING_PENDING
ExplanationOfBenefit,$.item[11].adjudication[3].category.coding[1],CMS_BLUE_BUTTON,https://bluebutton.cms.gov/fhir/CodeSystem/Adjudication,CLM_LINE_NCVRD_CHRG_AMT,Non-Covered Charge Amount,1,AUTHORITATIVE_MAPPING_PENDING
ExplanationOfBenefit,$.item[11].adjudication[4].category.coding[0],HL7_FHIR,http://hl7.org/fhir/us/carin-bb/CodeSystem/C4BBAdjudication,paidtoprovider,Paid to provider,1,AUTHORITATIVE_MAPPING_PENDING
ExplanationOfBenefit,$.item[11].adjudication[4].category.coding[1],CMS_BLUE_BUTTON,https://bluebutton.cms.gov/fhir/CodeSystem/Adjudication,CLM_LINE_PRVDR_PMT_AMT,Line Provider Payment Amount,1,AUTHORITATIVE_MAPPING_PENDING
ExplanationOfBenefit,$.item[11].adjudication[5].category.coding[0],HL7_TERMINOLOGY,http://terminology.hl7.org/CodeSystem/adjudication,benefit,Benefit Amount,1,AUTHORITATIVE_MAPPING_PENDING
ExplanationOfBenefit,$.item[11].adjudication[5].category.coding[1],CMS_BLUE_BUTTON,https://bluebutton.cms.gov/fhir/CodeSystem/Adjudication,CLM_LINE_CVRD_PD_AMT,Payment Amount,1,AUTHORITATIVE_MAPPING_PENDING
ExplanationOfBenefit,$.item[11].adjudication[6].category.coding[0],HL7_TERMINOLOGY,http://terminology.hl7.org/CodeSystem/adjudication,submitted,Submitted Amount,1,AUTHORITATIVE_MAPPING_PENDING
ExplanationOfBenefit,$.item[11].adjudication[6].category.coding[1],CMS_BLUE_BUTTON,https://bluebutton.cms.gov/fhir/CodeSystem/Adjudication,CLM_LINE_SBMT_CHRG_AMT,Line Submitted Charge Amount,1,AUTHORITATIVE_MAPPING_PENDING
ExplanationOfBenefit,$.item[11].adjudication[7].category.coding[0],HL7_FHIR,http://hl7.org/fhir/us/carin-bb/CodeSystem/C4BBAdjudication,priorpayerpaid,Prior payer paid,1,AUTHORITATIVE_MAPPING_PENDING
ExplanationOfBenefit,$.item[11].adjudication[7].category.coding[1],CMS_BLUE_BUTTON,https://bluebutton.cms.gov/fhir/CodeSystem/Adjudication,CLM_LINE_INSTNL_MSP1_PD_AMT,Revenue Center 1st MSP Paid Amount,1,AUTHORITATIVE_MAPPING_PENDING
ExplanationOfBenefit,$.item[11].adjudication[8].category.coding[0],HL7_FHIR,http://hl7.org/fhir/us/carin-bb/CodeSystem/C4BBAdjudication,priorpayerpaid,Prior payer paid,1,AUTHORITATIVE_MAPPING_PENDING
ExplanationOfBenefit,$.item[11].adjudication[8].category.coding[1],CMS_BLUE_BUTTON,https://bluebutton.cms.gov/fhir/CodeSystem/Adjudication,CLM_LINE_INSTNL_MSP2_PD_AMT,Revenue Center 2nd MSP Paid Amount,1,AUTHORITATIVE_MAPPING_PENDING
ExplanationOfBenefit,$.item[11].adjudication[9].category.coding[0],CMS_BLUE_BUTTON,https://bluebutton.cms.gov/fhir/CodeSystem/Adjudication,CLM_LINE_BLOOD_DDCTBL_AMT,Blood Deductible Amount,1,AUTHORITATIVE_MAPPING_PENDING
ExplanationOfBenefit,$.item[11].extension[0].valueCoding,CMS_BLUE_BUTTON,https://bluebutton.cms.gov/fhir/CodeSystem/CLM-OTAF-ONE-IND-CD,Y,,1,AUTHORITATIVE_MAPPING_PENDING
ExplanationOfBenefit,$.item[11].extension[1].valueCoding,CMS_BLUE_BUTTON,https://bluebutton.cms.gov/fhir/CodeSystem/CLM-REV-CNTR-STUS-CD,A,,1,AUTHORITATIVE_MAPPING_PENDING
ExplanationOfBenefit,$.item[11].extension[2].valueCoding,CMS_BLUE_BUTTON,https://bluebutton.cms.gov/fhir/CodeSystem/CLM-REV-DSCNT-IND-CD,7,,1,AUTHORITATIVE_MAPPING_PENDING
ExplanationOfBenefit,$.item[11].extension[3].valueCoding,CMS_BLUE_BUTTON,https://bluebutton.cms.gov/fhir/CodeSystem/CLM-REV-PACKG-IND-CD,3,PACKAGED AS PART OF PARTIAL HOSPITALIZATION PER DIEM OR DAILY MENTAL HEALTH SERVICE PER DIEM,1,AUTHORITATIVE_MAPPING_PENDING
ExplanationOfBenefit,$.item[11].extension[4].valueCoding,CMS_BLUE_BUTTON,https://bluebutton.cms.gov/fhir/CodeSystem/CLM-REV-PMT-MTHD-CD,6,,1,AUTHORITATIVE_MAPPING_PENDING
ExplanationOfBenefit,$.item[11].modifier[0].coding[0],CMS,https://www.cms.gov/Medicare/Coding/HCPCSReleaseCodeSets,PC,,1,AUTHORITATIVE_MAPPING_PENDING
ExplanationOfBenefit,$.item[11].modifier[0].coding[1],CMS,https://www.cms.gov/Medicare/Coding/HCPCSReleaseCodeSets,PC,,1,AUTHORITATIVE_MAPPING_PENDING
ExplanationOfBenefit,$.item[11].productOrService.coding[0],AMA_CPT,http://www.ama-assn.org/go/cpt,99213,,1,AUTHORITATIVE_MAPPING_PENDING
ExplanationOfBenefit,$.item[11].revenue.coding[0],CMS_BLUE_BUTTON,https://bluebutton.cms.gov/fhir/CodeSystem/CLM-REV-CNTR-CD,0656,HOSPICE SERVICE - GENERAL INPATIENT CARE NON-RESPITE,1,AUTHORITATIVE_MAPPING_PENDING
ExplanationOfBenefit,$.item[11].revenue.coding[1],EXTERNAL_OR_UNKNOWN,https://www.nubc.org/CodeSystem/RevenueCodes,0656,,1,AUTHORITATIVE_MAPPING_PENDING
ExplanationOfBenefit,$.item[11].revenue.coding[2],CMS_BLUE_BUTTON,https://bluebutton.cms.gov/fhir/CodeSystem/CLM-DDCTBL-COINSRNC-CD,4,"No charge or units associated with this revenue center code. (For multiple HCPCS per single revenue center code) For revenue center code 0001, the following MSP override values may be present:",1,AUTHORITATIVE_MAPPING_PENDING
ExplanationOfBenefit,$.item[12].adjudication[0].category.coding[0],HL7_TERMINOLOGY,http://terminology.hl7.org/CodeSystem/adjudication,deductible,Deductible,1,AUTHORITATIVE_MAPPING_PENDING
ExplanationOfBenefit,$.item[12].adjudication[0].category.coding[1],CMS_BLUE_BUTTON,https://bluebutton.cms.gov/fhir/CodeSystem/Adjudication,CLM_LINE_MDCR_DDCTBL_AMT,Cash Deductible Amount,1,AUTHORITATIVE_MAPPING_PENDING
ExplanationOfBenefit,$.item[12].adjudication[10].category.coding[0],CMS_BLUE_BUTTON,https://bluebutton.cms.gov/fhir/CodeSystem/Adjudication,CLM_LINE_INSTNL_ADJSTD_AMT,Revenue Center Coinsurance/Wage Adjusted Coinsurance Amount,1,AUTHORITATIVE_MAPPING_PENDING
ExplanationOfBenefit,$.item[12].adjudication[11].category.coding[0],CMS_BLUE_BUTTON,https://bluebutton.cms.gov/fhir/CodeSystem/Adjudication,CLM_LINE_INSTNL_RDCD_AMT,Revenue Center Reduced Coinsurance Amount,1,AUTHORITATIVE_MAPPING_PENDING
ExplanationOfBenefit,$.item[12].adjudication[12].category.coding[0],CMS_BLUE_BUTTON,https://bluebutton.cms.gov/fhir/CodeSystem/Adjudication,CLM_LINE_INSTNL_RATE_AMT,Revenue Center Rate Amount,1,AUTHORITATIVE_MAPPING_PENDING
ExplanationOfBenefit,$.item[12].adjudication[13].category.coding[0],CMS_BLUE_BUTTON,https://bluebutton.cms.gov/fhir/CodeSystem/Adjudication,CLM_LINE_ADD_ON_PYMT_AMT,Add On Payment Amount,1,AUTHORITATIVE_MAPPING_PENDING
ExplanationOfBenefit,$.item[12].adjudication[14].category.coding[0],CMS_BLUE_BUTTON,https://bluebutton.cms.gov/fhir/CodeSystem/Adjudication,CLM_REV_CNTR_TDAPA_AMT,Transitional Drug Add-On Payment Adjustment,1,AUTHORITATIVE_MAPPING_PENDING
ExplanationOfBenefit,$.item[12].adjudication[1].category.coding[0],HL7_FHIR,http://hl7.org/fhir/us/carin-bb/CodeSystem/C4BBAdjudication,paidtopatient,Paid to patient,1,AUTHORITATIVE_MAPPING_PENDING
ExplanationOfBenefit,$.item[12].adjudication[1].category.coding[1],CMS_BLUE_BUTTON,https://bluebutton.cms.gov/fhir/CodeSystem/Adjudication,CLM_LINE_BENE_PD_AMT,Payment Amount to Beneficiary,1,AUTHORITATIVE_MAPPING_PENDING
ExplanationOfBenefit,$.item[12].adjudication[2].category.coding[0],HL7_FHIR,http://hl7.org/fhir/us/carin-bb/CodeSystem/C4BBAdjudication,paidbypatient,Paid by patient,1,AUTHORITATIVE_MAPPING_PENDING
ExplanationOfBenefit,$.item[12].adjudication[2].category.coding[1],CMS_BLUE_BUTTON,https://bluebutton.cms.gov/fhir/CodeSystem/Adjudication,CLM_LINE_BENE_PMT_AMT,Line Paid By Beneficiary Amount,1,AUTHORITATIVE_MAPPING_PENDING
ExplanationOfBenefit,$.item[12].adjudication[3].category.coding[0],HL7_FHIR,http://hl7.org/fhir/us/carin-bb/CodeSystem/C4BBAdjudication,noncovered,Noncovered,1,AUTHORITATIVE_MAPPING_PENDING
ExplanationOfBenefit,$.item[12].adjudication[3].category.coding[1],CMS_BLUE_BUTTON,https://bluebutton.cms.gov/fhir/CodeSystem/Adjudication,CLM_LINE_NCVRD_CHRG_AMT,Non-Covered Charge Amount,1,AUTHORITATIVE_MAPPING_PENDING
ExplanationOfBenefit,$.item[12].adjudication[4].category.coding[0],HL7_FHIR,http://hl7.org/fhir/us/carin-bb/CodeSystem/C4BBAdjudication,paidtoprovider,Paid to provider,1,AUTHORITATIVE_MAPPING_PENDING
ExplanationOfBenefit,$.item[12].adjudication[4].category.coding[1],CMS_BLUE_BUTTON,https://bluebutton.cms.gov/fhir/CodeSystem/Adjudication,CLM_LINE_PRVDR_PMT_AMT,Line Provider Payment Amount,1,AUTHORITATIVE_MAPPING_PENDING
ExplanationOfBenefit,$.item[12].adjudication[5].category.coding[0],HL7_TERMINOLOGY,http://terminology.hl7.org/CodeSystem/adjudication,benefit,Benefit Amount,1,AUTHORITATIVE_MAPPING_PENDING
ExplanationOfBenefit,$.item[12].adjudication[5].category.coding[1],CMS_BLUE_BUTTON,https://bluebutton.cms.gov/fhir/CodeSystem/Adjudication,CLM_LINE_CVRD_PD_AMT,Payment Amount,1,AUTHORITATIVE_MAPPING_PENDING
ExplanationOfBenefit,$.item[12].adjudication[6].category.coding[0],HL7_TERMINOLOGY,http://terminology.hl7.org/CodeSystem/adjudication,submitted,Submitted Amount,1,AUTHORITATIVE_MAPPING_PENDING
ExplanationOfBenefit,$.item[12].adjudication[6].category.coding[1],CMS_BLUE_BUTTON,https://bluebutton.cms.gov/fhir/CodeSystem/Adjudication,CLM_LINE_SBMT_CHRG_AMT,Line Submitted Charge Amount,1,AUTHORITATIVE_MAPPING_PENDING
ExplanationOfBenefit,$.item[12].adjudication[7].category.coding[0],HL7_FHIR,http://hl7.org/fhir/us/carin-bb/CodeSystem/C4BBAdjudication,priorpayerpaid,Prior payer paid,1,AUTHORITATIVE_MAPPING_PENDING
ExplanationOfBenefit,$.item[12].adjudication[7].category.coding[1],CMS_BLUE_BUTTON,https://bluebutton.cms.gov/fhir/CodeSystem/Adjudication,CLM_LINE_INSTNL_MSP1_PD_AMT,Revenue Center 1st MSP Paid Amount,1,AUTHORITATIVE_MAPPING_PENDING
ExplanationOfBenefit,$.item[12].adjudication[8].category.coding[0],HL7_FHIR,http://hl7.org/fhir/us/carin-bb/CodeSystem/C4BBAdjudication,priorpayerpaid,Prior payer paid,1,AUTHORITATIVE_MAPPING_PENDING
ExplanationOfBenefit,$.item[12].adjudication[8].category.coding[1],CMS_BLUE_BUTTON,https://bluebutton.cms.gov/fhir/CodeSystem/Adjudication,CLM_LINE_INSTNL_MSP2_PD_AMT,Revenue Center 2nd MSP Paid Amount,1,AUTHORITATIVE_MAPPING_PENDING
ExplanationOfBenefit,$.item[12].adjudication[9].category.coding[0],CMS_BLUE_BUTTON,https://bluebutton.cms.gov/fhir/CodeSystem/Adjudication,CLM_LINE_BLOOD_DDCTBL_AMT,Blood Deductible Amount,1,AUTHORITATIVE_MAPPING_PENDING
ExplanationOfBenefit,$.item[12].detail[0].productOrService.coding[0],HL7_FHIR,http://hl7.org/fhir/sid/ndc,00264180032,,1,AUTHORITATIVE_MAPPING_PENDING
ExplanationOfBenefit,$.item[12].detail[0].quantity,EXTERNAL_OR_UNKNOWN,http://unitsofmeasure.org,mL,,1,AUTHORITATIVE_MAPPING_PENDING
ExplanationOfBenefit,$.item[12].extension[0].valueCoding,CMS_BLUE_BUTTON,https://bluebutton.cms.gov/fhir/CodeSystem/CLM-REV-CNTR-STUS-CD,E,,1,AUTHORITATIVE_MAPPING_PENDING
ExplanationOfBenefit,$.item[12].extension[1].valueCoding,CMS_BLUE_BUTTON,https://bluebutton.cms.gov/fhir/CodeSystem/CLM-REV-DSCNT-IND-CD,7,,1,AUTHORITATIVE_MAPPING_PENDING
ExplanationOfBenefit,$.item[12].extension[2].valueCoding,CMS_BLUE_BUTTON,https://bluebutton.cms.gov/fhir/CodeSystem/CLM-REV-PMT-MTHD-CD,11,,1,AUTHORITATIVE_MAPPING_PENDING
ExplanationOfBenefit,$.item[12].modifier[0].coding[0],AMA_CPT,http://www.ama-assn.org/go/cpt,23,,1,AUTHORITATIVE_MAPPING_PENDING
ExplanationOfBenefit,$.item[12].modifier[0].coding[1],AMA_CPT,http://www.ama-assn.org/go/cpt,32,,1,AUTHORITATIVE_MAPPING_PENDING
ExplanationOfBenefit,$.item[12].modifier[0].coding[2],AMA_CPT,http://www.ama-assn.org/go/cpt,23,,1,AUTHORITATIVE_MAPPING_PENDING
ExplanationOfBenefit,$.item[12].productOrService.coding[0],AMA_CPT,http://www.ama-assn.org/go/cpt,99453,,1,AUTHORITATIVE_MAPPING_PENDING
ExplanationOfBenefit,$.item[12].revenue.coding[0],CMS_BLUE_BUTTON,https://bluebutton.cms.gov/fhir/CodeSystem/CLM-REV-CNTR-CD,0140,ROOM & BOARD - DELUXE PRIVATE - GENERAL CLASSIFICATION,1,AUTHORITATIVE_MAPPING_PENDING
ExplanationOfBenefit,$.item[12].revenue.coding[1],EXTERNAL_OR_UNKNOWN,https://www.nubc.org/CodeSystem/RevenueCodes,0140,,1,AUTHORITATIVE_MAPPING_PENDING
ExplanationOfBenefit,$.item[12].revenue.coding[2],CMS_BLUE_BUTTON,https://bluebutton.cms.gov/fhir/CodeSystem/CLM-DDCTBL-COINSRNC-CD,4,"No charge or units associated with this revenue center code. (For multiple HCPCS per single revenue center code) For revenue center code 0001, the following MSP override values may be present:",1,AUTHORITATIVE_MAPPING_PENDING
ExplanationOfBenefit,$.item[1].adjudication[0].category.coding[0],HL7_FHIR,http://hl7.org/fhir/us/carin-bb/CodeSystem/C4BBAdjudication,coinsurance,Co-insurance,2,AUTHORITATIVE_MAPPING_PENDING
ExplanationOfBenefit,$.item[1].adjudication[0].category.coding[0],HL7_TERMINOLOGY,http://terminology.hl7.org/CodeSystem/adjudication,deductible,Deductible,1,AUTHORITATIVE_MAPPING_PENDING
ExplanationOfBenefit,$.item[1].adjudication[0].category.coding[1],CMS_BLUE_BUTTON,https://bluebutton.cms.gov/fhir/CodeSystem/Adjudication,CLM_LINE_MDCR_COINSRNC_AMT,Coinsurance Amount,2,AUTHORITATIVE_MAPPING_PENDING
ExplanationOfBenefit,$.item[1].adjudication[0].category.coding[1],CMS_BLUE_BUTTON,https://bluebutton.cms.gov/fhir/CodeSystem/Adjudication,CLM_LINE_MDCR_DDCTBL_AMT,Cash Deductible Amount,1,AUTHORITATIVE_MAPPING_PENDING
ExplanationOfBenefit,$.item[1].adjudication[10].category.coding[0],CMS_BLUE_BUTTON,https://bluebutton.cms.gov/fhir/CodeSystem/Adjudication,CLM_LINE_INSTNL_ADJSTD_AMT,Revenue Center Coinsurance/Wage Adjusted Coinsurance Amount,1,AUTHORITATIVE_MAPPING_PENDING
ExplanationOfBenefit,$.item[1].adjudication[10].category.coding[0],CMS_BLUE_BUTTON,https://bluebutton.cms.gov/fhir/CodeSystem/Adjudication,CLM_LINE_PRFNL_INTRST_AMT,Professional Interest Amount,2,AUTHORITATIVE_MAPPING_PENDING
ExplanationOfBenefit,$.item[1].adjudication[11].category.coding[0],CMS_BLUE_BUTTON,https://bluebutton.cms.gov/fhir/CodeSystem/Adjudication,CLM_LINE_INSTNL_RDCD_AMT,Revenue Center Reduced Coinsurance Amount,1,AUTHORITATIVE_MAPPING_PENDING
ExplanationOfBenefit,$.item[1].adjudication[11].category.coding[0],CMS_BLUE_BUTTON,https://bluebutton.cms.gov/fhir/CodeSystem/Adjudication,CLM_MDCR_PRMRY_PYR_ALOWD_AMT,Line Primary Payer Allowed Amount,2,AUTHORITATIVE_MAPPING_PENDING
ExplanationOfBenefit,$.item[1].adjudication[12].category.coding[0],CMS_BLUE_BUTTON,https://bluebutton.cms.gov/fhir/CodeSystem/Adjudication,CLM_LINE_CARR_PSYCH_OT_LMT_AMT,Therapy Amount Applied to Limit,2,AUTHORITATIVE_MAPPING_PENDING
ExplanationOfBenefit,$.item[1].adjudication[12].category.coding[0],CMS_BLUE_BUTTON,https://bluebutton.cms.gov/fhir/CodeSystem/Adjudication,CLM_LINE_INSTNL_RATE_AMT,Revenue Center Rate Amount,1,AUTHORITATIVE_MAPPING_PENDING
ExplanationOfBenefit,$.item[1].adjudication[13].category.coding[0],CMS_BLUE_BUTTON,https://bluebutton.cms.gov/fhir/CodeSystem/Adjudication,CLM_LINE_ADD_ON_PYMT_AMT,Add On Payment Amount,1,AUTHORITATIVE_MAPPING_PENDING
ExplanationOfBenefit,$.item[1].adjudication[13].category.coding[0],CMS_BLUE_BUTTON,https://bluebutton.cms.gov/fhir/CodeSystem/Adjudication,CLM_LINE_PRFNL_DME_PRICE_AMT,Purchase Price Amount,1,AUTHORITATIVE_MAPPING_PENDING
ExplanationOfBenefit,$.item[1].adjudication[14].category.coding[0],CMS_BLUE_BUTTON,https://bluebutton.cms.gov/fhir/CodeSystem/Adjudication,CLM_REV_CNTR_TDAPA_AMT,Transitional Drug Add-On Payment Adjustment,1,AUTHORITATIVE_MAPPING_PENDING
ExplanationOfBenefit,$.item[1].adjudication[1].category.coding[0],HL7_FHIR,http://hl7.org/fhir/us/carin-bb/CodeSystem/C4BBAdjudication,paidtopatient,Paid to patient,1,AUTHORITATIVE_MAPPING_PENDING
ExplanationOfBenefit,$.item[1].adjudication[1].category.coding[0],HL7_TERMINOLOGY,http://terminology.hl7.org/CodeSystem/adjudication,eligible,Eligible Amount,2,AUTHORITATIVE_MAPPING_PENDING
ExplanationOfBenefit,$.item[1].adjudication[1].category.coding[1],CMS_BLUE_BUTTON,https://bluebutton.cms.gov/fhir/CodeSystem/Adjudication,CLM_LINE_ALOWD_CHRG_AMT,Line Allowed Charge Amount,2,AUTHORITATIVE_MAPPING_PENDING
ExplanationOfBenefit,$.item[1].adjudication[1].category.coding[1],CMS_BLUE_BUTTON,https://bluebutton.cms.gov/fhir/CodeSystem/Adjudication,CLM_LINE_BENE_PD_AMT,Payment Amount to Beneficiary,1,AUTHORITATIVE_MAPPING_PENDING
ExplanationOfBenefit,$.item[1].adjudication[2].category.coding[0],HL7_FHIR,http://hl7.org/fhir/us/carin-bb/CodeSystem/C4BBAdjudication,paidbypatient,Paid by patient,1,AUTHORITATIVE_MAPPING_PENDING
ExplanationOfBenefit,$.item[1].adjudication[2].category.coding[0],HL7_TERMINOLOGY,http://terminology.hl7.org/CodeSystem/adjudication,deductible,Deductible,2,AUTHORITATIVE_MAPPING_PENDING
ExplanationOfBenefit,$.item[1].adjudication[2].category.coding[1],CMS_BLUE_BUTTON,https://bluebutton.cms.gov/fhir/CodeSystem/Adjudication,CLM_LINE_BENE_PMT_AMT,Line Paid By Beneficiary Amount,1,AUTHORITATIVE_MAPPING_PENDING
ExplanationOfBenefit,$.item[1].adjudication[2].category.coding[1],CMS_BLUE_BUTTON,https://bluebutton.cms.gov/fhir/CodeSystem/Adjudication,CLM_LINE_MDCR_DDCTBL_AMT,Cash Deductible Amount,2,AUTHORITATIVE_MAPPING_PENDING
ExplanationOfBenefit,$.item[1].adjudication[3].category.coding[0],HL7_FHIR,http://hl7.org/fhir/us/carin-bb/CodeSystem/C4BBAdjudication,noncovered,Noncovered,1,AUTHORITATIVE_MAPPING_PENDING
ExplanationOfBenefit,$.item[1].adjudication[3].category.coding[0],HL7_FHIR,http://hl7.org/fhir/us/carin-bb/CodeSystem/C4BBAdjudication,paidtopatient,Paid to patient,2,AUTHORITATIVE_MAPPING_PENDING
ExplanationOfBenefit,$.item[1].adjudication[3].category.coding[1],CMS_BLUE_BUTTON,https://bluebutton.cms.gov/fhir/CodeSystem/Adjudication,CLM_LINE_BENE_PD_AMT,Payment Amount to Beneficiary,2,AUTHORITATIVE_MAPPING_PENDING
ExplanationOfBenefit,$.item[1].adjudication[3].category.coding[1],CMS_BLUE_BUTTON,https://bluebutton.cms.gov/fhir/CodeSystem/Adjudication,CLM_LINE_NCVRD_CHRG_AMT,Non-Covered Charge Amount,1,AUTHORITATIVE_MAPPING_PENDING
ExplanationOfBenefit,$.item[1].adjudication[4].category.coding[0],HL7_FHIR,http://hl7.org/fhir/us/carin-bb/CodeSystem/C4BBAdjudication,paidtoprovider,Paid to provider,3,AUTHORITATIVE_MAPPING_PENDING
ExplanationOfBenefit,$.item[1].adjudication[4].category.coding[1],CMS_BLUE_BUTTON,https://bluebutton.cms.gov/fhir/CodeSystem/Adjudication,CLM_LINE_PRVDR_PMT_AMT,Line Provider Payment Amount,3,AUTHORITATIVE_MAPPING_PENDING
ExplanationOfBenefit,$.item[1].adjudication[5].category.coding[0],HL7_TERMINOLOGY,http://terminology.hl7.org/CodeSystem/adjudication,benefit,Benefit Amount,3,AUTHORITATIVE_MAPPING_PENDING
ExplanationOfBenefit,$.item[1].adjudication[5].category.coding[1],CMS_BLUE_BUTTON,https://bluebutton.cms.gov/fhir/CodeSystem/Adjudication,CLM_LINE_CVRD_PD_AMT,Payment Amount,3,AUTHORITATIVE_MAPPING_PENDING
ExplanationOfBenefit,$.item[1].adjudication[6].category.coding[0],HL7_TERMINOLOGY,http://terminology.hl7.org/CodeSystem/adjudication,submitted,Submitted Amount,3,AUTHORITATIVE_MAPPING_PENDING
ExplanationOfBenefit,$.item[1].adjudication[6].category.coding[1],CMS_BLUE_BUTTON,https://bluebutton.cms.gov/fhir/CodeSystem/Adjudication,CLM_LINE_SBMT_CHRG_AMT,Line Submitted Charge Amount,3,AUTHORITATIVE_MAPPING_PENDING
ExplanationOfBenefit,$.item[1].adjudication[7].category.coding[0],HL7_FHIR,http://hl7.org/fhir/us/carin-bb/CodeSystem/C4BBAdjudication,priorpayerpaid,Prior payer paid,1,AUTHORITATIVE_MAPPING_PENDING
ExplanationOfBenefit,$.item[1].adjudication[7].category.coding[0],HL7_FHIR,http://hl7.org/fhir/us/carin-bb/CodeSystem/C4BBAdjudicationDiscriminator,benefitpaymentstatus,Benefit Payment Status,2,AUTHORITATIVE_MAPPING_PENDING
ExplanationOfBenefit,$.item[1].adjudication[7].category.coding[1],CMS_BLUE_BUTTON,https://bluebutton.cms.gov/fhir/CodeSystem/Adjudication,CLM_LINE_INSTNL_MSP1_PD_AMT,Revenue Center 1st MSP Paid Amount,1,AUTHORITATIVE_MAPPING_PENDING
ExplanationOfBenefit,$.item[1].adjudication[7].reason.coding[0],HL7_FHIR,http://hl7.org/fhir/us/carin-bb/CodeSystem/C4BBPayerAdjudicationStatus,other,Other,2,AUTHORITATIVE_MAPPING_PENDING
ExplanationOfBenefit,$.item[1].adjudication[8].category.coding[0],HL7_FHIR,http://hl7.org/fhir/us/carin-bb/CodeSystem/C4BBAdjudication,priorpayerpaid,Prior payer paid,3,AUTHORITATIVE_MAPPING_PENDING
ExplanationOfBenefit,$.item[1].adjudication[8].category.coding[1],CMS_BLUE_BUTTON,https://bluebutton.cms.gov/fhir/CodeSystem/Adjudication,CLM_BENE_PRMRY_PYR_PD_AMT,Line Primary Payer Paid Amount,2,AUTHORITATIVE_MAPPING_PENDING
ExplanationOfBenefit,$.item[1].adjudication[8].category.coding[1],CMS_BLUE_BUTTON,https://bluebutton.cms.gov/fhir/CodeSystem/Adjudication,CLM_LINE_INSTNL_MSP2_PD_AMT,Revenue Center 2nd MSP Paid Amount,1,AUTHORITATIVE_MAPPING_PENDING
ExplanationOfBenefit,$.item[1].adjudication[9].category.coding[0],HL7_FHIR,http://hl7.org/fhir/us/carin-bb/CodeSystem/C4BBAdjudication,discount,Discount,2,AUTHORITATIVE_MAPPING_PENDING
ExplanationOfBenefit,$.item[1].adjudication[9].category.coding[0],CMS_BLUE_BUTTON,https://bluebutton.cms.gov/fhir/CodeSystem/Adjudication,CLM_LINE_BLOOD_DDCTBL_AMT,Blood Deductible Amount,1,AUTHORITATIVE_MAPPING_PENDING
ExplanationOfBenefit,$.item[1].adjudication[9].category.coding[1],CMS_BLUE_BUTTON,https://bluebutton.cms.gov/fhir/CodeSystem/Adjudication,CLM_LINE_DMERC_SCRN_SVGS_AMT,Screen Savings Amount,2,AUTHORITATIVE_MAPPING_PENDING
ExplanationOfBenefit,$.item[1].extension[0].valueCoding,CMS_BLUE_BUTTON,https://bluebutton.cms.gov/fhir/CodeSystem/CLM-OTAF-ONE-IND-CD,N,,1,AUTHORITATIVE_MAPPING_PENDING
ExplanationOfBenefit,$.item[1].extension[0].valueCoding,CMS_BLUE_BUTTON,https://bluebutton.cms.gov/fhir/CodeSystem/CLM-PMT-80-100-CD,0,80%,1,AUTHORITATIVE_MAPPING_PENDING
ExplanationOfBenefit,$.item[1].extension[0].valueCoding,CMS_BLUE_BUTTON,https://bluebutton.cms.gov/fhir/CodeSystem/CLM-PRVDR-TYPE-CD,4,SUPPLIERS (OTHER THAN SOLE PROPRIETORSHIP) FOR WHOM THE CARRIER'S OWN CODE HAS BEEN SHOWN.,1,AUTHORITATIVE_MAPPING_PENDING
ExplanationOfBenefit,$.item[1].extension[1].valueCoding,CMS_BLUE_BUTTON,https://bluebutton.cms.gov/fhir/CodeSystem/CLM-PMT-80-100-CD,3,100% Limitation of liability only,1,AUTHORITATIVE_MAPPING_PENDING
ExplanationOfBenefit,$.item[1].extension[1].valueCoding,CMS_BLUE_BUTTON,https://bluebutton.cms.gov/fhir/CodeSystem/CLM-REV-CNTR-STUS-CD,T,,1,AUTHORITATIVE_MAPPING_PENDING
ExplanationOfBenefit,$.item[1].extension[1].valueCoding,CMS_BLUE_BUTTON,https://bluebutton.cms.gov/fhir/CodeSystem/CLM-SRVC-DDCTBL-SW,1,Service Not Subject to Deductible,1,AUTHORITATIVE_MAPPING_PENDING
ExplanationOfBenefit,$.item[1].extension[2].valueCoding,CMS_BLUE_BUTTON,https://bluebutton.cms.gov/fhir/CodeSystem/CLM-MTUS-IND-CD,2,ANESTHESIA TIME UNITS,1,AUTHORITATIVE_MAPPING_PENDING
ExplanationOfBenefit,$.item[1].extension[2].valueCoding,CMS_BLUE_BUTTON,https://bluebutton.cms.gov/fhir/CodeSystem/CLM-REV-PACKG-IND-CD,2,ARTIFICIAL CHARGES FOR SURGICAL PROCEDURE (EFF. 7/2004),1,AUTHORITATIVE_MAPPING_PENDING
ExplanationOfBenefit,$.item[1].extension[2].valueCoding,CMS_BLUE_BUTTON,https://bluebutton.cms.gov/fhir/CodeSystem/CLM-SRVC-DDCTBL-SW,0,Service Subject to Deductible,1,AUTHORITATIVE_MAPPING_PENDING
ExplanationOfBenefit,$.item[1].extension[3].valueCoding,CMS_BLUE_BUTTON,https://bluebutton.cms.gov/fhir/CodeSystem/CLM-MTUS-IND-CD,1,TRANSPORTATION (AMBULANCE) MILES,1,AUTHORITATIVE_MAPPING_PENDING
ExplanationOfBenefit,$.item[1].extension[3].valueCoding,CMS_BLUE_BUTTON,https://bluebutton.cms.gov/fhir/CodeSystem/CLM-PHYSN-ASTNT-CD,2,75% of payment. Either physician assistants performing services in a hospital (other than assisting surgery) or nurse practitioners/clinical nurse specialist performing services in rural areas or clinical social worker services,1,AUTHORITATIVE_MAPPING_PENDING
ExplanationOfBenefit,$.item[1].extension[3].valueCoding,CMS_BLUE_BUTTON,https://bluebutton.cms.gov/fhir/CodeSystem/CLM-REV-PMT-MTHD-CD,14,,1,AUTHORITATIVE_MAPPING_PENDING
ExplanationOfBenefit,$.item[1].extension[4].valueCoding,CMS_BLUE_BUTTON,https://bluebutton.cms.gov/fhir/CodeSystem/CLM-PHYSN-ASTNT-CD,3,85% of payment. Either physician assistant services for other than assisting surgery or other hospital services or nurse practitioners services (not in rural areas),1,AUTHORITATIVE_MAPPING_PENDING
ExplanationOfBenefit,$.item[1].extension[4].valueCoding,CMS_BLUE_BUTTON,https://bluebutton.cms.gov/fhir/CodeSystem/CLM-PRCSG-IND-CD,14,MSP cost avoided â€” Workman's Compensation (WC) Datamatch,1,AUTHORITATIVE_MAPPING_PENDING
ExplanationOfBenefit,$.item[1].extension[5].valueCoding,CMS_BLUE_BUTTON,https://bluebutton.cms.gov/fhir/CodeSystem/CLM-PRCSG-IND-CD,M,Multiple submittal-duplicate line item,1,AUTHORITATIVE_MAPPING_PENDING
ExplanationOfBenefit,$.item[1].extension[5].valueCoding,CMS_BLUE_BUTTON,https://bluebutton.cms.gov/fhir/CodeSystem/CLM-PRVDR-TYPE-CD,4,SUPPLIERS (OTHER THAN SOLE PROPRIETORSHIP) FOR WHOM THE CARRIER'S OWN CODE HAS BEEN SHOWN.,1,AUTHORITATIVE_MAPPING_PENDING
ExplanationOfBenefit,$.item[1].extension[6].valueCoding,CMS_BLUE_BUTTON,https://bluebutton.cms.gov/fhir/CodeSystem/CLM-PRVDR-TYPE-CD,29,CHIROPRACTOR,1,AUTHORITATIVE_MAPPING_PENDING
ExplanationOfBenefit,$.item[1].locationCodeableConcept.coding[0],CMS,https://www.cms.gov/Medicare/Coding/place-of-service-codes/Place_of_Service_Code_Set,16,Temporary Lodging,1,AUTHORITATIVE_MAPPING_PENDING
ExplanationOfBenefit,$.item[1].locationCodeableConcept.coding[0],CMS,https://www.cms.gov/Medicare/Coding/place-of-service-codes/Place_of_Service_Code_Set,66,Programs of All-Inclusive Care for the Elderly (PACE) Center,1,AUTHORITATIVE_MAPPING_PENDING
ExplanationOfBenefit,$.item[1].modifier[0].coding[0],AMA_CPT,http://www.ama-assn.org/go/cpt,28,,1,AUTHORITATIVE_MAPPING_PENDING
ExplanationOfBenefit,$.item[1].modifier[0].coding[0],CMS,https://www.cms.gov/Medicare/Coding/HCPCSReleaseCodeSets,1P,,1,AUTHORITATIVE_MAPPING_PENDING
ExplanationOfBenefit,$.item[1].modifier[0].coding[1],CMS,https://www.cms.gov/Medicare/Coding/HCPCSReleaseCodeSets,1P,,1,AUTHORITATIVE_MAPPING_PENDING
ExplanationOfBenefit,$.item[1].productOrService.coding[0],AMA_CPT,http://www.ama-assn.org/go/cpt,99213,,1,AUTHORITATIVE_MAPPING_PENDING
ExplanationOfBenefit,$.item[1].productOrService.coding[0],AMA_CPT,http://www.ama-assn.org/go/cpt,99453,,1,AUTHORITATIVE_MAPPING_PENDING
ExplanationOfBenefit,$.item[1].productOrService.coding[0],CMS,https://www.cms.gov/Medicare/Coding/HCPCSReleaseCodeSets,J2270,,1,AUTHORITATIVE_MAPPING_PENDING
ExplanationOfBenefit,$.item[1].revenue.coding[0],CMS_BLUE_BUTTON,https://bluebutton.cms.gov/fhir/CodeSystem/CLM-REV-CNTR-CD,0861,MAGNETOENCEPHALOGRAPHY (MEG) - MEG,1,AUTHORITATIVE_MAPPING_PENDING
ExplanationOfBenefit,$.item[1].revenue.coding[1],EXTERNAL_OR_UNKNOWN,https://www.nubc.org/CodeSystem/RevenueCodes,0861,,1,AUTHORITATIVE_MAPPING_PENDING
ExplanationOfBenefit,$.item[1].revenue.coding[2],CMS_BLUE_BUTTON,https://bluebutton.cms.gov/fhir/CodeSystem/CLM-DDCTBL-COINSRNC-CD,3,Charges are not subject to deductible or coinsurance,1,AUTHORITATIVE_MAPPING_PENDING
ExplanationOfBenefit,$.item[2].adjudication[0].category.coding[0],HL7_FHIR,http://hl7.org/fhir/us/carin-bb/CodeSystem/C4BBAdjudication,coinsurance,Co-insurance,1,AUTHORITATIVE_MAPPING_PENDING
ExplanationOfBenefit,$.item[2].adjudication[0].category.coding[0],HL7_TERMINOLOGY,http://terminology.hl7.org/CodeSystem/adjudication,deductible,Deductible,1,AUTHORITATIVE_MAPPING_PENDING
ExplanationOfBenefit,$.item[2].adjudication[0].category.coding[1],CMS_BLUE_BUTTON,https://bluebutton.cms.gov/fhir/CodeSystem/Adjudication,CLM_LINE_MDCR_COINSRNC_AMT,Coinsurance Amount,1,AUTHORITATIVE_MAPPING_PENDING
ExplanationOfBenefit,$.item[2].adjudication[0].category.coding[1],CMS_BLUE_BUTTON,https://bluebutton.cms.gov/fhir/CodeSystem/Adjudication,CLM_LINE_MDCR_DDCTBL_AMT,Cash Deductible Amount,1,AUTHORITATIVE_MAPPING_PENDING
ExplanationOfBenefit,$.item[2].adjudication[10].category.coding[0],CMS_BLUE_BUTTON,https://bluebutton.cms.gov/fhir/CodeSystem/Adjudication,CLM_LINE_INSTNL_ADJSTD_AMT,Revenue Center Coinsurance/Wage Adjusted Coinsurance Amount,1,AUTHORITATIVE_MAPPING_PENDING
ExplanationOfBenefit,$.item[2].adjudication[10].category.coding[0],CMS_BLUE_BUTTON,https://bluebutton.cms.gov/fhir/CodeSystem/Adjudication,CLM_LINE_PRFNL_INTRST_AMT,Professional Interest Amount,1,AUTHORITATIVE_MAPPING_PENDING
ExplanationOfBenefit,$.item[2].adjudication[11].category.coding[0],CMS_BLUE_BUTTON,https://bluebutton.cms.gov/fhir/CodeSystem/Adjudication,CLM_LINE_INSTNL_RDCD_AMT,Revenue Center Reduced Coinsurance Amount,1,AUTHORITATIVE_MAPPING_PENDING
ExplanationOfBenefit,$.item[2].adjudication[11].category.coding[0],CMS_BLUE_BUTTON,https://bluebutton.cms.gov/fhir/CodeSystem/Adjudication,CLM_MDCR_PRMRY_PYR_ALOWD_AMT,Line Primary Payer Allowed Amount,1,AUTHORITATIVE_MAPPING_PENDING
ExplanationOfBenefit,$.item[2].adjudication[12].category.coding[0],CMS_BLUE_BUTTON,https://bluebutton.cms.gov/fhir/CodeSystem/Adjudication,CLM_LINE_CARR_PSYCH_OT_LMT_AMT,Therapy Amount Applied to Limit,1,AUTHORITATIVE_MAPPING_PENDING
ExplanationOfBenefit,$.item[2].adjudication[12].category.coding[0],CMS_BLUE_BUTTON,https://bluebutton.cms.gov/fhir/CodeSystem/Adjudication,CLM_LINE_INSTNL_RATE_AMT,Revenue Center Rate Amount,1,AUTHORITATIVE_MAPPING_PENDING
ExplanationOfBenefit,$.item[2].adjudication[13].category.coding[0],CMS_BLUE_BUTTON,https://bluebutton.cms.gov/fhir/CodeSystem/Adjudication,CLM_LINE_ADD_ON_PYMT_AMT,Add On Payment Amount,1,AUTHORITATIVE_MAPPING_PENDING
ExplanationOfBenefit,$.item[2].adjudication[13].category.coding[0],CMS_BLUE_BUTTON,https://bluebutton.cms.gov/fhir/CodeSystem/Adjudication,CLM_LINE_PRFNL_DME_PRICE_AMT,Purchase Price Amount,1,AUTHORITATIVE_MAPPING_PENDING
ExplanationOfBenefit,$.item[2].adjudication[14].category.coding[0],CMS_BLUE_BUTTON,https://bluebutton.cms.gov/fhir/CodeSystem/Adjudication,CLM_REV_CNTR_TDAPA_AMT,Transitional Drug Add-On Payment Adjustment,1,AUTHORITATIVE_MAPPING_PENDING
ExplanationOfBenefit,$.item[2].adjudication[1].category.coding[0],HL7_FHIR,http://hl7.org/fhir/us/carin-bb/CodeSystem/C4BBAdjudication,paidtopatient,Paid to patient,1,AUTHORITATIVE_MAPPING_PENDING
ExplanationOfBenefit,$.item[2].adjudication[1].category.coding[0],HL7_TERMINOLOGY,http://terminology.hl7.org/CodeSystem/adjudication,eligible,Eligible Amount,1,AUTHORITATIVE_MAPPING_PENDING
ExplanationOfBenefit,$.item[2].adjudication[1].category.coding[1],CMS_BLUE_BUTTON,https://bluebutton.cms.gov/fhir/CodeSystem/Adjudication,CLM_LINE_ALOWD_CHRG_AMT,Line Allowed Charge Amount,1,AUTHORITATIVE_MAPPING_PENDING
ExplanationOfBenefit,$.item[2].adjudication[1].category.coding[1],CMS_BLUE_BUTTON,https://bluebutton.cms.gov/fhir/CodeSystem/Adjudication,CLM_LINE_BENE_PD_AMT,Payment Amount to Beneficiary,1,AUTHORITATIVE_MAPPING_PENDING
ExplanationOfBenefit,$.item[2].adjudication[2].category.coding[0],HL7_FHIR,http://hl7.org/fhir/us/carin-bb/CodeSystem/C4BBAdjudication,paidbypatient,Paid by patient,1,AUTHORITATIVE_MAPPING_PENDING
ExplanationOfBenefit,$.item[2].adjudication[2].category.coding[0],HL7_TERMINOLOGY,http://terminology.hl7.org/CodeSystem/adjudication,deductible,Deductible,1,AUTHORITATIVE_MAPPING_PENDING
ExplanationOfBenefit,$.item[2].adjudication[2].category.coding[1],CMS_BLUE_BUTTON,https://bluebutton.cms.gov/fhir/CodeSystem/Adjudication,CLM_LINE_BENE_PMT_AMT,Line Paid By Beneficiary Amount,1,AUTHORITATIVE_MAPPING_PENDING
ExplanationOfBenefit,$.item[2].adjudication[2].category.coding[1],CMS_BLUE_BUTTON,https://bluebutton.cms.gov/fhir/CodeSystem/Adjudication,CLM_LINE_MDCR_DDCTBL_AMT,Cash Deductible Amount,1,AUTHORITATIVE_MAPPING_PENDING
ExplanationOfBenefit,$.item[2].adjudication[3].category.coding[0],HL7_FHIR,http://hl7.org/fhir/us/carin-bb/CodeSystem/C4BBAdjudication,noncovered,Noncovered,1,AUTHORITATIVE_MAPPING_PENDING
ExplanationOfBenefit,$.item[2].adjudication[3].category.coding[0],HL7_FHIR,http://hl7.org/fhir/us/carin-bb/CodeSystem/C4BBAdjudication,paidtopatient,Paid to patient,1,AUTHORITATIVE_MAPPING_PENDING
ExplanationOfBenefit,$.item[2].adjudication[3].category.coding[1],CMS_BLUE_BUTTON,https://bluebutton.cms.gov/fhir/CodeSystem/Adjudication,CLM_LINE_BENE_PD_AMT,Payment Amount to Beneficiary,1,AUTHORITATIVE_MAPPING_PENDING
ExplanationOfBenefit,$.item[2].adjudication[3].category.coding[1],CMS_BLUE_BUTTON,https://bluebutton.cms.gov/fhir/CodeSystem/Adjudication,CLM_LINE_NCVRD_CHRG_AMT,Non-Covered Charge Amount,1,AUTHORITATIVE_MAPPING_PENDING
ExplanationOfBenefit,$.item[2].adjudication[4].category.coding[0],HL7_FHIR,http://hl7.org/fhir/us/carin-bb/CodeSystem/C4BBAdjudication,paidtoprovider,Paid to provider,2,AUTHORITATIVE_MAPPING_PENDING
ExplanationOfBenefit,$.item[2].adjudication[4].category.coding[1],CMS_BLUE_BUTTON,https://bluebutton.cms.gov/fhir/CodeSystem/Adjudication,CLM_LINE_PRVDR_PMT_AMT,Line Provider Payment Amount,2,AUTHORITATIVE_MAPPING_PENDING
ExplanationOfBenefit,$.item[2].adjudication[5].category.coding[0],HL7_TERMINOLOGY,http://terminology.hl7.org/CodeSystem/adjudication,benefit,Benefit Amount,2,AUTHORITATIVE_MAPPING_PENDING
ExplanationOfBenefit,$.item[2].adjudication[5].category.coding[1],CMS_BLUE_BUTTON,https://bluebutton.cms.gov/fhir/CodeSystem/Adjudication,CLM_LINE_CVRD_PD_AMT,Payment Amount,2,AUTHORITATIVE_MAPPING_PENDING
ExplanationOfBenefit,$.item[2].adjudication[6].category.coding[0],HL7_TERMINOLOGY,http://terminology.hl7.org/CodeSystem/adjudication,submitted,Submitted Amount,2,AUTHORITATIVE_MAPPING_PENDING
ExplanationOfBenefit,$.item[2].adjudication[6].category.coding[1],CMS_BLUE_BUTTON,https://bluebutton.cms.gov/fhir/CodeSystem/Adjudication,CLM_LINE_SBMT_CHRG_AMT,Line Submitted Charge Amount,2,AUTHORITATIVE_MAPPING_PENDING
ExplanationOfBenefit,$.item[2].adjudication[7].category.coding[0],HL7_FHIR,http://hl7.org/fhir/us/carin-bb/CodeSystem/C4BBAdjudication,priorpayerpaid,Prior payer paid,1,AUTHORITATIVE_MAPPING_PENDING
ExplanationOfBenefit,$.item[2].adjudication[7].category.coding[0],HL7_FHIR,http://hl7.org/fhir/us/carin-bb/CodeSystem/C4BBAdjudicationDiscriminator,benefitpaymentstatus,Benefit Payment Status,1,AUTHORITATIVE_MAPPING_PENDING
ExplanationOfBenefit,$.item[2].adjudication[7].category.coding[1],CMS_BLUE_BUTTON,https://bluebutton.cms.gov/fhir/CodeSystem/Adjudication,CLM_LINE_INSTNL_MSP1_PD_AMT,Revenue Center 1st MSP Paid Amount,1,AUTHORITATIVE_MAPPING_PENDING
ExplanationOfBenefit,$.item[2].adjudication[7].reason.coding[0],HL7_FHIR,http://hl7.org/fhir/us/carin-bb/CodeSystem/C4BBPayerAdjudicationStatus,other,Other,1,AUTHORITATIVE_MAPPING_PENDING
ExplanationOfBenefit,$.item[2].adjudication[8].category.coding[0],HL7_FHIR,http://hl7.org/fhir/us/carin-bb/CodeSystem/C4BBAdjudication,priorpayerpaid,Prior payer paid,2,AUTHORITATIVE_MAPPING_PENDING
ExplanationOfBenefit,$.item[2].adjudication[8].category.coding[1],CMS_BLUE_BUTTON,https://bluebutton.cms.gov/fhir/CodeSystem/Adjudication,CLM_BENE_PRMRY_PYR_PD_AMT,Line Primary Payer Paid Amount,1,AUTHORITATIVE_MAPPING_PENDING
ExplanationOfBenefit,$.item[2].adjudication[8].category.coding[1],CMS_BLUE_BUTTON,https://bluebutton.cms.gov/fhir/CodeSystem/Adjudication,CLM_LINE_INSTNL_MSP2_PD_AMT,Revenue Center 2nd MSP Paid Amount,1,AUTHORITATIVE_MAPPING_PENDING
ExplanationOfBenefit,$.item[2].adjudication[9].category.coding[0],HL7_FHIR,http://hl7.org/fhir/us/carin-bb/CodeSystem/C4BBAdjudication,discount,Discount,1,AUTHORITATIVE_MAPPING_PENDING
ExplanationOfBenefit,$.item[2].adjudication[9].category.coding[0],CMS_BLUE_BUTTON,https://bluebutton.cms.gov/fhir/CodeSystem/Adjudication,CLM_LINE_BLOOD_DDCTBL_AMT,Blood Deductible Amount,1,AUTHORITATIVE_MAPPING_PENDING
ExplanationOfBenefit,$.item[2].adjudication[9].category.coding[1],CMS_BLUE_BUTTON,https://bluebutton.cms.gov/fhir/CodeSystem/Adjudication,CLM_LINE_DMERC_SCRN_SVGS_AMT,Screen Savings Amount,1,AUTHORITATIVE_MAPPING_PENDING
ExplanationOfBenefit,$.item[2].detail[0].productOrService.coding[0],HL7_FHIR,http://hl7.org/fhir/sid/ndc,00264180032,,1,AUTHORITATIVE_MAPPING_PENDING
ExplanationOfBenefit,$.item[2].detail[0].productOrService.coding[0],HL7_FHIR,http://hl7.org/fhir/sid/ndc,264180032,,1,AUTHORITATIVE_MAPPING_PENDING
ExplanationOfBenefit,$.item[2].detail[0].quantity,EXTERNAL_OR_UNKNOWN,http://unitsofmeasure.org,mL,,1,AUTHORITATIVE_MAPPING_PENDING
ExplanationOfBenefit,$.item[2].extension[0].valueCoding,CMS_BLUE_BUTTON,https://bluebutton.cms.gov/fhir/CodeSystem/CLM-OTAF-ONE-IND-CD,N,,1,AUTHORITATIVE_MAPPING_PENDING
ExplanationOfBenefit,$.item[2].extension[0].valueCoding,CMS_BLUE_BUTTON,https://bluebutton.cms.gov/fhir/CodeSystem/CLM-PRVDR-TYPE-CD,5,INSTITUTIONAL PROVIDERS AND INDEPENDENT LABORATORIES FOR WHOM EMPLOYER ID NUMBERS ARE USED IN CODING THE ID FIELD.,1,AUTHORITATIVE_MAPPING_PENDING
ExplanationOfBenefit,$.item[2].extension[1].valueCoding,CMS_BLUE_BUTTON,https://bluebutton.cms.gov/fhir/CodeSystem/CLM-PMT-80-100-CD,0,80%,1,AUTHORITATIVE_MAPPING_PENDING
ExplanationOfBenefit,$.item[2].extension[1].valueCoding,CMS_BLUE_BUTTON,https://bluebutton.cms.gov/fhir/CodeSystem/CLM-REV-CNTR-STUS-CD,E1,,1,AUTHORITATIVE_MAPPING_PENDING
ExplanationOfBenefit,$.item[2].extension[2].valueCoding,CMS_BLUE_BUTTON,https://bluebutton.cms.gov/fhir/CodeSystem/CLM-REV-DSCNT-IND-CD,3,,1,AUTHORITATIVE_MAPPING_PENDING
ExplanationOfBenefit,$.item[2].extension[2].valueCoding,CMS_BLUE_BUTTON,https://bluebutton.cms.gov/fhir/CodeSystem/CLM-SRVC-DDCTBL-SW,1,Service Not Subject to Deductible,1,AUTHORITATIVE_MAPPING_PENDING
ExplanationOfBenefit,$.item[2].extension[3].valueCoding,CMS_BLUE_BUTTON,https://bluebutton.cms.gov/fhir/CodeSystem/CLM-PHYSN-ASTNT-CD,2,75% of payment. Either physician assistants performing services in a hospital (other than assisting surgery) or nurse practitioners/clinical nurse specialist performing services in rural areas or clinical social worker services,1,AUTHORITATIVE_MAPPING_PENDING
ExplanationOfBenefit,$.item[2].extension[3].valueCoding,CMS_BLUE_BUTTON,https://bluebutton.cms.gov/fhir/CodeSystem/CLM-REV-PACKG-IND-CD,0,NOT PACKAGED,1,AUTHORITATIVE_MAPPING_PENDING
ExplanationOfBenefit,$.item[2].extension[4].valueCoding,CMS_BLUE_BUTTON,https://bluebutton.cms.gov/fhir/CodeSystem/CLM-PRCSG-IND-CD,V,MSP cost avoided â€” litigation settlement,1,AUTHORITATIVE_MAPPING_PENDING
ExplanationOfBenefit,$.item[2].extension[4].valueCoding,CMS_BLUE_BUTTON,https://bluebutton.cms.gov/fhir/CodeSystem/CLM-REV-PMT-MTHD-CD,16,,1,AUTHORITATIVE_MAPPING_PENDING
ExplanationOfBenefit,$.item[2].extension[5].valueCoding,CMS_BLUE_BUTTON,https://bluebutton.cms.gov/fhir/CodeSystem/CLM-PRVDR-TYPE-CD,35,PSYCHOLOGIST,1,AUTHORITATIVE_MAPPING_PENDING
ExplanationOfBenefit,$.item[2].locationCodeableConcept.coding[0],CMS,https://www.cms.gov/Medicare/Coding/place-of-service-codes/Place_of_Service_Code_Set,89,Unassigned,1,AUTHORITATIVE_MAPPING_PENDING
ExplanationOfBenefit,$.item[2].modifier[0].coding[0],CMS,https://www.cms.gov/Medicare/Coding/HCPCSReleaseCodeSets,1P,,1,AUTHORITATIVE_MAPPING_PENDING
ExplanationOfBenefit,$.item[2].modifier[0].coding[1],CMS,https://www.cms.gov/Medicare/Coding/HCPCSReleaseCodeSets,U6,,1,AUTHORITATIVE_MAPPING_PENDING
ExplanationOfBenefit,$.item[2].modifier[0].coding[2],AMA_CPT,http://www.ama-assn.org/go/cpt,32,,1,AUTHORITATIVE_MAPPING_PENDING
ExplanationOfBenefit,$.item[2].modifier[0].coding[3],CMS,https://www.cms.gov/Medicare/Coding/HCPCSReleaseCodeSets,US,,1,AUTHORITATIVE_MAPPING_PENDING
ExplanationOfBenefit,$.item[2].modifier[0].coding[4],CMS,https://www.cms.gov/Medicare/Coding/HCPCSReleaseCodeSets,1P,,1,AUTHORITATIVE_MAPPING_PENDING
ExplanationOfBenefit,$.item[2].productOrService.coding[0],AMA_CPT,http://www.ama-assn.org/go/cpt,99213,,1,AUTHORITATIVE_MAPPING_PENDING
ExplanationOfBenefit,$.item[2].productOrService.coding[0],AMA_CPT,http://www.ama-assn.org/go/cpt,99453,,1,AUTHORITATIVE_MAPPING_PENDING
ExplanationOfBenefit,$.item[2].revenue.coding[0],CMS_BLUE_BUTTON,https://bluebutton.cms.gov/fhir/CodeSystem/CLM-REV-CNTR-CD,0261,IV THERAPY - INFUSION PUMP,1,AUTHORITATIVE_MAPPING_PENDING
ExplanationOfBenefit,$.item[2].revenue.coding[1],EXTERNAL_OR_UNKNOWN,https://www.nubc.org/CodeSystem/RevenueCodes,0261,,1,AUTHORITATIVE_MAPPING_PENDING
ExplanationOfBenefit,$.item[2].revenue.coding[2],CMS_BLUE_BUTTON,https://bluebutton.cms.gov/fhir/CodeSystem/CLM-DDCTBL-COINSRNC-CD,1,Charges are not subject to deductible,1,AUTHORITATIVE_MAPPING_PENDING
ExplanationOfBenefit,$.item[3].adjudication[0].category.coding[0],HL7_FHIR,http://hl7.org/fhir/us/carin-bb/CodeSystem/C4BBAdjudication,coinsurance,Co-insurance,1,AUTHORITATIVE_MAPPING_PENDING
ExplanationOfBenefit,$.item[3].adjudication[0].category.coding[0],HL7_TERMINOLOGY,http://terminology.hl7.org/CodeSystem/adjudication,deductible,Deductible,1,AUTHORITATIVE_MAPPING_PENDING
ExplanationOfBenefit,$.item[3].adjudication[0].category.coding[1],CMS_BLUE_BUTTON,https://bluebutton.cms.gov/fhir/CodeSystem/Adjudication,CLM_LINE_MDCR_COINSRNC_AMT,Coinsurance Amount,1,AUTHORITATIVE_MAPPING_PENDING
ExplanationOfBenefit,$.item[3].adjudication[0].category.coding[1],CMS_BLUE_BUTTON,https://bluebutton.cms.gov/fhir/CodeSystem/Adjudication,CLM_LINE_MDCR_DDCTBL_AMT,Cash Deductible Amount,1,AUTHORITATIVE_MAPPING_PENDING
ExplanationOfBenefit,$.item[3].adjudication[10].category.coding[0],CMS_BLUE_BUTTON,https://bluebutton.cms.gov/fhir/CodeSystem/Adjudication,CLM_LINE_INSTNL_ADJSTD_AMT,Revenue Center Coinsurance/Wage Adjusted Coinsurance Amount,1,AUTHORITATIVE_MAPPING_PENDING
ExplanationOfBenefit,$.item[3].adjudication[10].category.coding[0],CMS_BLUE_BUTTON,https://bluebutton.cms.gov/fhir/CodeSystem/Adjudication,CLM_LINE_PRFNL_INTRST_AMT,Professional Interest Amount,1,AUTHORITATIVE_MAPPING_PENDING
ExplanationOfBenefit,$.item[3].adjudication[11].category.coding[0],CMS_BLUE_BUTTON,https://bluebutton.cms.gov/fhir/CodeSystem/Adjudication,CLM_LINE_INSTNL_RDCD_AMT,Revenue Center Reduced Coinsurance Amount,1,AUTHORITATIVE_MAPPING_PENDING
ExplanationOfBenefit,$.item[3].adjudication[11].category.coding[0],CMS_BLUE_BUTTON,https://bluebutton.cms.gov/fhir/CodeSystem/Adjudication,CLM_MDCR_PRMRY_PYR_ALOWD_AMT,Line Primary Payer Allowed Amount,1,AUTHORITATIVE_MAPPING_PENDING
ExplanationOfBenefit,$.item[3].adjudication[12].category.coding[0],CMS_BLUE_BUTTON,https://bluebutton.cms.gov/fhir/CodeSystem/Adjudication,CLM_LINE_CARR_PSYCH_OT_LMT_AMT,Therapy Amount Applied to Limit,1,AUTHORITATIVE_MAPPING_PENDING
ExplanationOfBenefit,$.item[3].adjudication[12].category.coding[0],CMS_BLUE_BUTTON,https://bluebutton.cms.gov/fhir/CodeSystem/Adjudication,CLM_LINE_INSTNL_RATE_AMT,Revenue Center Rate Amount,1,AUTHORITATIVE_MAPPING_PENDING
ExplanationOfBenefit,$.item[3].adjudication[13].category.coding[0],CMS_BLUE_BUTTON,https://bluebutton.cms.gov/fhir/CodeSystem/Adjudication,CLM_LINE_ADD_ON_PYMT_AMT,Add On Payment Amount,1,AUTHORITATIVE_MAPPING_PENDING
ExplanationOfBenefit,$.item[3].adjudication[13].category.coding[0],CMS_BLUE_BUTTON,https://bluebutton.cms.gov/fhir/CodeSystem/Adjudication,CLM_LINE_PRFNL_DME_PRICE_AMT,Purchase Price Amount,1,AUTHORITATIVE_MAPPING_PENDING
ExplanationOfBenefit,$.item[3].adjudication[14].category.coding[0],CMS_BLUE_BUTTON,https://bluebutton.cms.gov/fhir/CodeSystem/Adjudication,CLM_REV_CNTR_TDAPA_AMT,Transitional Drug Add-On Payment Adjustment,1,AUTHORITATIVE_MAPPING_PENDING
ExplanationOfBenefit,$.item[3].adjudication[1].category.coding[0],HL7_FHIR,http://hl7.org/fhir/us/carin-bb/CodeSystem/C4BBAdjudication,paidtopatient,Paid to patient,1,AUTHORITATIVE_MAPPING_PENDING
ExplanationOfBenefit,$.item[3].adjudication[1].category.coding[0],HL7_TERMINOLOGY,http://terminology.hl7.org/CodeSystem/adjudication,eligible,Eligible Amount,1,AUTHORITATIVE_MAPPING_PENDING
ExplanationOfBenefit,$.item[3].adjudication[1].category.coding[1],CMS_BLUE_BUTTON,https://bluebutton.cms.gov/fhir/CodeSystem/Adjudication,CLM_LINE_ALOWD_CHRG_AMT,Line Allowed Charge Amount,1,AUTHORITATIVE_MAPPING_PENDING
ExplanationOfBenefit,$.item[3].adjudication[1].category.coding[1],CMS_BLUE_BUTTON,https://bluebutton.cms.gov/fhir/CodeSystem/Adjudication,CLM_LINE_BENE_PD_AMT,Payment Amount to Beneficiary,1,AUTHORITATIVE_MAPPING_PENDING
ExplanationOfBenefit,$.item[3].adjudication[2].category.coding[0],HL7_FHIR,http://hl7.org/fhir/us/carin-bb/CodeSystem/C4BBAdjudication,paidbypatient,Paid by patient,1,AUTHORITATIVE_MAPPING_PENDING
ExplanationOfBenefit,$.item[3].adjudication[2].category.coding[0],HL7_TERMINOLOGY,http://terminology.hl7.org/CodeSystem/adjudication,deductible,Deductible,1,AUTHORITATIVE_MAPPING_PENDING
ExplanationOfBenefit,$.item[3].adjudication[2].category.coding[1],CMS_BLUE_BUTTON,https://bluebutton.cms.gov/fhir/CodeSystem/Adjudication,CLM_LINE_BENE_PMT_AMT,Line Paid By Beneficiary Amount,1,AUTHORITATIVE_MAPPING_PENDING
ExplanationOfBenefit,$.item[3].adjudication[2].category.coding[1],CMS_BLUE_BUTTON,https://bluebutton.cms.gov/fhir/CodeSystem/Adjudication,CLM_LINE_MDCR_DDCTBL_AMT,Cash Deductible Amount,1,AUTHORITATIVE_MAPPING_PENDING
ExplanationOfBenefit,$.item[3].adjudication[3].category.coding[0],HL7_FHIR,http://hl7.org/fhir/us/carin-bb/CodeSystem/C4BBAdjudication,noncovered,Noncovered,1,AUTHORITATIVE_MAPPING_PENDING
ExplanationOfBenefit,$.item[3].adjudication[3].category.coding[0],HL7_FHIR,http://hl7.org/fhir/us/carin-bb/CodeSystem/C4BBAdjudication,paidtopatient,Paid to patient,1,AUTHORITATIVE_MAPPING_PENDING
ExplanationOfBenefit,$.item[3].adjudication[3].category.coding[1],CMS_BLUE_BUTTON,https://bluebutton.cms.gov/fhir/CodeSystem/Adjudication,CLM_LINE_BENE_PD_AMT,Payment Amount to Beneficiary,1,AUTHORITATIVE_MAPPING_PENDING
ExplanationOfBenefit,$.item[3].adjudication[3].category.coding[1],CMS_BLUE_BUTTON,https://bluebutton.cms.gov/fhir/CodeSystem/Adjudication,CLM_LINE_NCVRD_CHRG_AMT,Non-Covered Charge Amount,1,AUTHORITATIVE_MAPPING_PENDING
ExplanationOfBenefit,$.item[3].adjudication[4].category.coding[0],HL7_FHIR,http://hl7.org/fhir/us/carin-bb/CodeSystem/C4BBAdjudication,paidtoprovider,Paid to provider,2,AUTHORITATIVE_MAPPING_PENDING
ExplanationOfBenefit,$.item[3].adjudication[4].category.coding[1],CMS_BLUE_BUTTON,https://bluebutton.cms.gov/fhir/CodeSystem/Adjudication,CLM_LINE_PRVDR_PMT_AMT,Line Provider Payment Amount,2,AUTHORITATIVE_MAPPING_PENDING
ExplanationOfBenefit,$.item[3].adjudication[5].category.coding[0],HL7_TERMINOLOGY,http://terminology.hl7.org/CodeSystem/adjudication,benefit,Benefit Amount,2,AUTHORITATIVE_MAPPING_PENDING
ExplanationOfBenefit,$.item[3].adjudication[5].category.coding[1],CMS_BLUE_BUTTON,https://bluebutton.cms.gov/fhir/CodeSystem/Adjudication,CLM_LINE_CVRD_PD_AMT,Payment Amount,2,AUTHORITATIVE_MAPPING_PENDING
ExplanationOfBenefit,$.item[3].adjudication[6].category.coding[0],HL7_TERMINOLOGY,http://terminology.hl7.org/CodeSystem/adjudication,submitted,Submitted Amount,2,AUTHORITATIVE_MAPPING_PENDING
ExplanationOfBenefit,$.item[3].adjudication[6].category.coding[1],CMS_BLUE_BUTTON,https://bluebutton.cms.gov/fhir/CodeSystem/Adjudication,CLM_LINE_SBMT_CHRG_AMT,Line Submitted Charge Amount,2,AUTHORITATIVE_MAPPING_PENDING
ExplanationOfBenefit,$.item[3].adjudication[7].category.coding[0],HL7_FHIR,http://hl7.org/fhir/us/carin-bb/CodeSystem/C4BBAdjudication,priorpayerpaid,Prior payer paid,1,AUTHORITATIVE_MAPPING_PENDING
ExplanationOfBenefit,$.item[3].adjudication[7].category.coding[0],HL7_FHIR,http://hl7.org/fhir/us/carin-bb/CodeSystem/C4BBAdjudicationDiscriminator,benefitpaymentstatus,Benefit Payment Status,1,AUTHORITATIVE_MAPPING_PENDING
ExplanationOfBenefit,$.item[3].adjudication[7].category.coding[1],CMS_BLUE_BUTTON,https://bluebutton.cms.gov/fhir/CodeSystem/Adjudication,CLM_LINE_INSTNL_MSP1_PD_AMT,Revenue Center 1st MSP Paid Amount,1,AUTHORITATIVE_MAPPING_PENDING
ExplanationOfBenefit,$.item[3].adjudication[7].reason.coding[0],HL7_FHIR,http://hl7.org/fhir/us/carin-bb/CodeSystem/C4BBPayerAdjudicationStatus,other,Other,1,AUTHORITATIVE_MAPPING_PENDING
ExplanationOfBenefit,$.item[3].adjudication[8].category.coding[0],HL7_FHIR,http://hl7.org/fhir/us/carin-bb/CodeSystem/C4BBAdjudication,priorpayerpaid,Prior payer paid,2,AUTHORITATIVE_MAPPING_PENDING
ExplanationOfBenefit,$.item[3].adjudication[8].category.coding[1],CMS_BLUE_BUTTON,https://bluebutton.cms.gov/fhir/CodeSystem/Adjudication,CLM_BENE_PRMRY_PYR_PD_AMT,Line Primary Payer Paid Amount,1,AUTHORITATIVE_MAPPING_PENDING
ExplanationOfBenefit,$.item[3].adjudication[8].category.coding[1],CMS_BLUE_BUTTON,https://bluebutton.cms.gov/fhir/CodeSystem/Adjudication,CLM_LINE_INSTNL_MSP2_PD_AMT,Revenue Center 2nd MSP Paid Amount,1,AUTHORITATIVE_MAPPING_PENDING
ExplanationOfBenefit,$.item[3].adjudication[9].category.coding[0],HL7_FHIR,http://hl7.org/fhir/us/carin-bb/CodeSystem/C4BBAdjudication,discount,Discount,1,AUTHORITATIVE_MAPPING_PENDING
ExplanationOfBenefit,$.item[3].adjudication[9].category.coding[0],CMS_BLUE_BUTTON,https://bluebutton.cms.gov/fhir/CodeSystem/Adjudication,CLM_LINE_BLOOD_DDCTBL_AMT,Blood Deductible Amount,1,AUTHORITATIVE_MAPPING_PENDING
ExplanationOfBenefit,$.item[3].adjudication[9].category.coding[1],CMS_BLUE_BUTTON,https://bluebutton.cms.gov/fhir/CodeSystem/Adjudication,CLM_LINE_DMERC_SCRN_SVGS_AMT,Screen Savings Amount,1,AUTHORITATIVE_MAPPING_PENDING
ExplanationOfBenefit,$.item[3].extension[0].valueCoding,CMS_BLUE_BUTTON,https://bluebutton.cms.gov/fhir/CodeSystem/CLM-PRVDR-TYPE-CD,0,"CLINICS, GROUPS, ASSOCIATIONS, INTERVENTION, OR OTHER ENTITIES FOR WHICH THE CARRIER'S OWN ID NUMBER HAS BEEN ASSIGNED.",1,AUTHORITATIVE_MAPPING_PENDING
ExplanationOfBenefit,$.item[3].extension[0].valueCoding,CMS_BLUE_BUTTON,https://bluebutton.cms.gov/fhir/CodeSystem/CLM-REV-CNTR-STUS-CD,L,,1,AUTHORITATIVE_MAPPING_PENDING
ExplanationOfBenefit,$.item[3].extension[1].valueCoding,CMS_BLUE_BUTTON,https://bluebutton.cms.gov/fhir/CodeSystem/CLM-PMT-80-100-CD,1,100%,1,AUTHORITATIVE_MAPPING_PENDING
ExplanationOfBenefit,$.item[3].extension[1].valueCoding,CMS_BLUE_BUTTON,https://bluebutton.cms.gov/fhir/CodeSystem/CLM-REV-DSCNT-IND-CD,3,,1,AUTHORITATIVE_MAPPING_PENDING
ExplanationOfBenefit,$.item[3].extension[2].valueCoding,CMS_BLUE_BUTTON,https://bluebutton.cms.gov/fhir/CodeSystem/CLM-REV-PACKG-IND-CD,1,PACKAGED SERVICE (SERVICE INDICATOR N),1,AUTHORITATIVE_MAPPING_PENDING
ExplanationOfBenefit,$.item[3].extension[2].valueCoding,CMS_BLUE_BUTTON,https://bluebutton.cms.gov/fhir/CodeSystem/CLM-SRVC-DDCTBL-SW,1,Service Not Subject to Deductible,1,AUTHORITATIVE_MAPPING_PENDING
ExplanationOfBenefit,$.item[3].extension[3].valueCoding,CMS_BLUE_BUTTON,https://bluebutton.cms.gov/fhir/CodeSystem/CLM-PHYSN-ASTNT-CD,0,N/A,1,AUTHORITATIVE_MAPPING_PENDING
ExplanationOfBenefit,$.item[3].extension[3].valueCoding,CMS_BLUE_BUTTON,https://bluebutton.cms.gov/fhir/CodeSystem/CLM-REV-PMT-MTHD-CD,16,,1,AUTHORITATIVE_MAPPING_PENDING
ExplanationOfBenefit,$.item[3].extension[4].valueCoding,CMS_BLUE_BUTTON,https://bluebutton.cms.gov/fhir/CodeSystem/CLM-PRCSG-IND-CD,16,MSP cost avoided â€” Liability Insurer VDSA (eff.4/2006),1,AUTHORITATIVE_MAPPING_PENDING
ExplanationOfBenefit,$.item[3].extension[5].valueCoding,CMS_BLUE_BUTTON,https://bluebutton.cms.gov/fhir/CodeSystem/CLM-PRVDR-TYPE-CD,23,MULTIPLE PHYSICIAN PRACTICE,1,AUTHORITATIVE_MAPPING_PENDING
ExplanationOfBenefit,$.item[3].locationCodeableConcept.coding[0],CMS,https://www.cms.gov/Medicare/Coding/place-of-service-codes/Place_of_Service_Code_Set,15,Mobile Unit,1,AUTHORITATIVE_MAPPING_PENDING
ExplanationOfBenefit,$.item[3].modifier[0].coding[0],AMA_CPT,http://www.ama-assn.org/go/cpt,22,,1,AUTHORITATIVE_MAPPING_PENDING
ExplanationOfBenefit,$.item[3].modifier[0].coding[0],AMA_CPT,http://www.ama-assn.org/go/cpt,23,,1,AUTHORITATIVE_MAPPING_PENDING
ExplanationOfBenefit,$.item[3].modifier[0].coding[1],AMA_CPT,http://www.ama-assn.org/go/cpt,32,,1,AUTHORITATIVE_MAPPING_PENDING
ExplanationOfBenefit,$.item[3].modifier[0].coding[1],CMS,https://www.cms.gov/Medicare/Coding/HCPCSReleaseCodeSets,1P,,1,AUTHORITATIVE_MAPPING_PENDING
ExplanationOfBenefit,$.item[3].modifier[0].coding[2],AMA_CPT,http://www.ama-assn.org/go/cpt,22,,1,AUTHORITATIVE_MAPPING_PENDING
ExplanationOfBenefit,$.item[3].modifier[0].coding[2],CMS,https://www.cms.gov/Medicare/Coding/HCPCSReleaseCodeSets,PC,,1,AUTHORITATIVE_MAPPING_PENDING
ExplanationOfBenefit,$.item[3].modifier[0].coding[3],AMA_CPT,http://www.ama-assn.org/go/cpt,32,,1,AUTHORITATIVE_MAPPING_PENDING
ExplanationOfBenefit,$.item[3].modifier[0].coding[3],CMS,https://www.cms.gov/Medicare/Coding/HCPCSReleaseCodeSets,PC,,1,AUTHORITATIVE_MAPPING_PENDING
ExplanationOfBenefit,$.item[3].productOrService.coding[0],AMA_CPT,http://www.ama-assn.org/go/cpt,99453,,1,AUTHORITATIVE_MAPPING_PENDING
ExplanationOfBenefit,$.item[3].productOrService.coding[0],CMS,https://www.cms.gov/Medicare/Coding/HCPCSReleaseCodeSets,J2270,,1,AUTHORITATIVE_MAPPING_PENDING
ExplanationOfBenefit,$.item[3].revenue.coding[0],CMS_BLUE_BUTTON,https://bluebutton.cms.gov/fhir/CodeSystem/CLM-REV-CNTR-CD,0721,LABOR ROOM/DELIVERY - LABOR,1,AUTHORITATIVE_MAPPING_PENDING
ExplanationOfBenefit,$.item[3].revenue.coding[1],EXTERNAL_OR_UNKNOWN,https://www.nubc.org/CodeSystem/RevenueCodes,0721,,1,AUTHORITATIVE_MAPPING_PENDING
ExplanationOfBenefit,$.item[3].revenue.coding[2],CMS_BLUE_BUTTON,https://bluebutton.cms.gov/fhir/CodeSystem/CLM-DDCTBL-COINSRNC-CD,M,Override code; EGHP (employer group health plan) services involved,1,AUTHORITATIVE_MAPPING_PENDING
ExplanationOfBenefit,$.item[4].adjudication[0].category.coding[0],HL7_FHIR,http://hl7.org/fhir/us/carin-bb/CodeSystem/C4BBAdjudication,coinsurance,Co-insurance,1,AUTHORITATIVE_MAPPING_PENDING
ExplanationOfBenefit,$.item[4].adjudication[0].category.coding[0],HL7_TERMINOLOGY,http://terminology.hl7.org/CodeSystem/adjudication,deductible,Deductible,1,AUTHORITATIVE_MAPPING_PENDING
ExplanationOfBenefit,$.item[4].adjudication[0].category.coding[1],CMS_BLUE_BUTTON,https://bluebutton.cms.gov/fhir/CodeSystem/Adjudication,CLM_LINE_MDCR_COINSRNC_AMT,Coinsurance Amount,1,AUTHORITATIVE_MAPPING_PENDING
ExplanationOfBenefit,$.item[4].adjudication[0].category.coding[1],CMS_BLUE_BUTTON,https://bluebutton.cms.gov/fhir/CodeSystem/Adjudication,CLM_LINE_MDCR_DDCTBL_AMT,Cash Deductible Amount,1,AUTHORITATIVE_MAPPING_PENDING
ExplanationOfBenefit,$.item[4].adjudication[10].category.coding[0],CMS_BLUE_BUTTON,https://bluebutton.cms.gov/fhir/CodeSystem/Adjudication,CLM_LINE_INSTNL_ADJSTD_AMT,Revenue Center Coinsurance/Wage Adjusted Coinsurance Amount,1,AUTHORITATIVE_MAPPING_PENDING
ExplanationOfBenefit,$.item[4].adjudication[10].category.coding[0],CMS_BLUE_BUTTON,https://bluebutton.cms.gov/fhir/CodeSystem/Adjudication,CLM_LINE_PRFNL_INTRST_AMT,Professional Interest Amount,1,AUTHORITATIVE_MAPPING_PENDING
ExplanationOfBenefit,$.item[4].adjudication[11].category.coding[0],CMS_BLUE_BUTTON,https://bluebutton.cms.gov/fhir/CodeSystem/Adjudication,CLM_LINE_INSTNL_RDCD_AMT,Revenue Center Reduced Coinsurance Amount,1,AUTHORITATIVE_MAPPING_PENDING
ExplanationOfBenefit,$.item[4].adjudication[11].category.coding[0],CMS_BLUE_BUTTON,https://bluebutton.cms.gov/fhir/CodeSystem/Adjudication,CLM_MDCR_PRMRY_PYR_ALOWD_AMT,Line Primary Payer Allowed Amount,1,AUTHORITATIVE_MAPPING_PENDING
ExplanationOfBenefit,$.item[4].adjudication[12].category.coding[0],CMS_BLUE_BUTTON,https://bluebutton.cms.gov/fhir/CodeSystem/Adjudication,CLM_LINE_CARR_PSYCH_OT_LMT_AMT,Therapy Amount Applied to Limit,1,AUTHORITATIVE_MAPPING_PENDING
ExplanationOfBenefit,$.item[4].adjudication[12].category.coding[0],CMS_BLUE_BUTTON,https://bluebutton.cms.gov/fhir/CodeSystem/Adjudication,CLM_LINE_INSTNL_RATE_AMT,Revenue Center Rate Amount,1,AUTHORITATIVE_MAPPING_PENDING
ExplanationOfBenefit,$.item[4].adjudication[13].category.coding[0],CMS_BLUE_BUTTON,https://bluebutton.cms.gov/fhir/CodeSystem/Adjudication,CLM_LINE_ADD_ON_PYMT_AMT,Add On Payment Amount,1,AUTHORITATIVE_MAPPING_PENDING
ExplanationOfBenefit,$.item[4].adjudication[13].category.coding[0],CMS_BLUE_BUTTON,https://bluebutton.cms.gov/fhir/CodeSystem/Adjudication,CLM_LINE_PRFNL_DME_PRICE_AMT,Purchase Price Amount,1,AUTHORITATIVE_MAPPING_PENDING
ExplanationOfBenefit,$.item[4].adjudication[14].category.coding[0],CMS_BLUE_BUTTON,https://bluebutton.cms.gov/fhir/CodeSystem/Adjudication,CLM_REV_CNTR_TDAPA_AMT,Transitional Drug Add-On Payment Adjustment,1,AUTHORITATIVE_MAPPING_PENDING
ExplanationOfBenefit,$.item[4].adjudication[1].category.coding[0],HL7_FHIR,http://hl7.org/fhir/us/carin-bb/CodeSystem/C4BBAdjudication,paidtopatient,Paid to patient,1,AUTHORITATIVE_MAPPING_PENDING
ExplanationOfBenefit,$.item[4].adjudication[1].category.coding[0],HL7_TERMINOLOGY,http://terminology.hl7.org/CodeSystem/adjudication,eligible,Eligible Amount,1,AUTHORITATIVE_MAPPING_PENDING
ExplanationOfBenefit,$.item[4].adjudication[1].category.coding[1],CMS_BLUE_BUTTON,https://bluebutton.cms.gov/fhir/CodeSystem/Adjudication,CLM_LINE_ALOWD_CHRG_AMT,Line Allowed Charge Amount,1,AUTHORITATIVE_MAPPING_PENDING
ExplanationOfBenefit,$.item[4].adjudication[1].category.coding[1],CMS_BLUE_BUTTON,https://bluebutton.cms.gov/fhir/CodeSystem/Adjudication,CLM_LINE_BENE_PD_AMT,Payment Amount to Beneficiary,1,AUTHORITATIVE_MAPPING_PENDING
ExplanationOfBenefit,$.item[4].adjudication[2].category.coding[0],HL7_FHIR,http://hl7.org/fhir/us/carin-bb/CodeSystem/C4BBAdjudication,paidbypatient,Paid by patient,1,AUTHORITATIVE_MAPPING_PENDING
ExplanationOfBenefit,$.item[4].adjudication[2].category.coding[0],HL7_TERMINOLOGY,http://terminology.hl7.org/CodeSystem/adjudication,deductible,Deductible,1,AUTHORITATIVE_MAPPING_PENDING
ExplanationOfBenefit,$.item[4].adjudication[2].category.coding[1],CMS_BLUE_BUTTON,https://bluebutton.cms.gov/fhir/CodeSystem/Adjudication,CLM_LINE_BENE_PMT_AMT,Line Paid By Beneficiary Amount,1,AUTHORITATIVE_MAPPING_PENDING
ExplanationOfBenefit,$.item[4].adjudication[2].category.coding[1],CMS_BLUE_BUTTON,https://bluebutton.cms.gov/fhir/CodeSystem/Adjudication,CLM_LINE_MDCR_DDCTBL_AMT,Cash Deductible Amount,1,AUTHORITATIVE_MAPPING_PENDING
ExplanationOfBenefit,$.item[4].adjudication[3].category.coding[0],HL7_FHIR,http://hl7.org/fhir/us/carin-bb/CodeSystem/C4BBAdjudication,noncovered,Noncovered,1,AUTHORITATIVE_MAPPING_PENDING
ExplanationOfBenefit,$.item[4].adjudication[3].category.coding[0],HL7_FHIR,http://hl7.org/fhir/us/carin-bb/CodeSystem/C4BBAdjudication,paidtopatient,Paid to patient,1,AUTHORITATIVE_MAPPING_PENDING
ExplanationOfBenefit,$.item[4].adjudication[3].category.coding[1],CMS_BLUE_BUTTON,https://bluebutton.cms.gov/fhir/CodeSystem/Adjudication,CLM_LINE_BENE_PD_AMT,Payment Amount to Beneficiary,1,AUTHORITATIVE_MAPPING_PENDING
ExplanationOfBenefit,$.item[4].adjudication[3].category.coding[1],CMS_BLUE_BUTTON,https://bluebutton.cms.gov/fhir/CodeSystem/Adjudication,CLM_LINE_NCVRD_CHRG_AMT,Non-Covered Charge Amount,1,AUTHORITATIVE_MAPPING_PENDING
ExplanationOfBenefit,$.item[4].adjudication[4].category.coding[0],HL7_FHIR,http://hl7.org/fhir/us/carin-bb/CodeSystem/C4BBAdjudication,paidtoprovider,Paid to provider,2,AUTHORITATIVE_MAPPING_PENDING
ExplanationOfBenefit,$.item[4].adjudication[4].category.coding[1],CMS_BLUE_BUTTON,https://bluebutton.cms.gov/fhir/CodeSystem/Adjudication,CLM_LINE_PRVDR_PMT_AMT,Line Provider Payment Amount,2,AUTHORITATIVE_MAPPING_PENDING
ExplanationOfBenefit,$.item[4].adjudication[5].category.coding[0],HL7_TERMINOLOGY,http://terminology.hl7.org/CodeSystem/adjudication,benefit,Benefit Amount,2,AUTHORITATIVE_MAPPING_PENDING
ExplanationOfBenefit,$.item[4].adjudication[5].category.coding[1],CMS_BLUE_BUTTON,https://bluebutton.cms.gov/fhir/CodeSystem/Adjudication,CLM_LINE_CVRD_PD_AMT,Payment Amount,2,AUTHORITATIVE_MAPPING_PENDING
ExplanationOfBenefit,$.item[4].adjudication[6].category.coding[0],HL7_TERMINOLOGY,http://terminology.hl7.org/CodeSystem/adjudication,submitted,Submitted Amount,2,AUTHORITATIVE_MAPPING_PENDING
ExplanationOfBenefit,$.item[4].adjudication[6].category.coding[1],CMS_BLUE_BUTTON,https://bluebutton.cms.gov/fhir/CodeSystem/Adjudication,CLM_LINE_SBMT_CHRG_AMT,Line Submitted Charge Amount,2,AUTHORITATIVE_MAPPING_PENDING
ExplanationOfBenefit,$.item[4].adjudication[7].category.coding[0],HL7_FHIR,http://hl7.org/fhir/us/carin-bb/CodeSystem/C4BBAdjudication,priorpayerpaid,Prior payer paid,1,AUTHORITATIVE_MAPPING_PENDING
ExplanationOfBenefit,$.item[4].adjudication[7].category.coding[0],HL7_FHIR,http://hl7.org/fhir/us/carin-bb/CodeSystem/C4BBAdjudicationDiscriminator,benefitpaymentstatus,Benefit Payment Status,1,AUTHORITATIVE_MAPPING_PENDING
ExplanationOfBenefit,$.item[4].adjudication[7].category.coding[1],CMS_BLUE_BUTTON,https://bluebutton.cms.gov/fhir/CodeSystem/Adjudication,CLM_LINE_INSTNL_MSP1_PD_AMT,Revenue Center 1st MSP Paid Amount,1,AUTHORITATIVE_MAPPING_PENDING
ExplanationOfBenefit,$.item[4].adjudication[7].reason.coding[0],HL7_FHIR,http://hl7.org/fhir/us/carin-bb/CodeSystem/C4BBPayerAdjudicationStatus,other,Other,1,AUTHORITATIVE_MAPPING_PENDING
ExplanationOfBenefit,$.item[4].adjudication[8].category.coding[0],HL7_FHIR,http://hl7.org/fhir/us/carin-bb/CodeSystem/C4BBAdjudication,priorpayerpaid,Prior payer paid,2,AUTHORITATIVE_MAPPING_PENDING
ExplanationOfBenefit,$.item[4].adjudication[8].category.coding[1],CMS_BLUE_BUTTON,https://bluebutton.cms.gov/fhir/CodeSystem/Adjudication,CLM_BENE_PRMRY_PYR_PD_AMT,Line Primary Payer Paid Amount,1,AUTHORITATIVE_MAPPING_PENDING
ExplanationOfBenefit,$.item[4].adjudication[8].category.coding[1],CMS_BLUE_BUTTON,https://bluebutton.cms.gov/fhir/CodeSystem/Adjudication,CLM_LINE_INSTNL_MSP2_PD_AMT,Revenue Center 2nd MSP Paid Amount,1,AUTHORITATIVE_MAPPING_PENDING
ExplanationOfBenefit,$.item[4].adjudication[9].category.coding[0],HL7_FHIR,http://hl7.org/fhir/us/carin-bb/CodeSystem/C4BBAdjudication,discount,Discount,1,AUTHORITATIVE_MAPPING_PENDING
ExplanationOfBenefit,$.item[4].adjudication[9].category.coding[0],CMS_BLUE_BUTTON,https://bluebutton.cms.gov/fhir/CodeSystem/Adjudication,CLM_LINE_BLOOD_DDCTBL_AMT,Blood Deductible Amount,1,AUTHORITATIVE_MAPPING_PENDING
ExplanationOfBenefit,$.item[4].adjudication[9].category.coding[1],CMS_BLUE_BUTTON,https://bluebutton.cms.gov/fhir/CodeSystem/Adjudication,CLM_LINE_DMERC_SCRN_SVGS_AMT,Screen Savings Amount,1,AUTHORITATIVE_MAPPING_PENDING
ExplanationOfBenefit,$.item[4].extension[0].valueCoding,CMS_BLUE_BUTTON,https://bluebutton.cms.gov/fhir/CodeSystem/CLM-PRVDR-TYPE-CD,8,OTHER ENTITIES FOR WHOM EMPLOYER ID NUMBERS ARE USED IN CODING THE ID FIELD,1,AUTHORITATIVE_MAPPING_PENDING
ExplanationOfBenefit,$.item[4].extension[0].valueCoding,CMS_BLUE_BUTTON,https://bluebutton.cms.gov/fhir/CodeSystem/CLM-REV-CNTR-STUS-CD,E2,,1,AUTHORITATIVE_MAPPING_PENDING
ExplanationOfBenefit,$.item[4].extension[1].valueCoding,CMS_BLUE_BUTTON,https://bluebutton.cms.gov/fhir/CodeSystem/CLM-PMT-80-100-CD,1,100%,1,AUTHORITATIVE_MAPPING_PENDING
ExplanationOfBenefit,$.item[4].extension[1].valueCoding,CMS_BLUE_BUTTON,https://bluebutton.cms.gov/fhir/CodeSystem/CLM-REV-DSCNT-IND-CD,6,,1,AUTHORITATIVE_MAPPING_PENDING
ExplanationOfBenefit,$.item[4].extension[2].valueCoding,CMS_BLUE_BUTTON,https://bluebutton.cms.gov/fhir/CodeSystem/CLM-REV-PACKG-IND-CD,1,PACKAGED SERVICE (SERVICE INDICATOR N),1,AUTHORITATIVE_MAPPING_PENDING
ExplanationOfBenefit,$.item[4].extension[2].valueCoding,CMS_BLUE_BUTTON,https://bluebutton.cms.gov/fhir/CodeSystem/CLM-SRVC-DDCTBL-SW,1,Service Not Subject to Deductible,1,AUTHORITATIVE_MAPPING_PENDING
ExplanationOfBenefit,$.item[4].extension[3].valueCoding,CMS_BLUE_BUTTON,https://bluebutton.cms.gov/fhir/CodeSystem/CLM-MTUS-IND-CD,1,TRANSPORTATION (AMBULANCE) MILES,1,AUTHORITATIVE_MAPPING_PENDING
ExplanationOfBenefit,$.item[4].extension[3].valueCoding,CMS_BLUE_BUTTON,https://bluebutton.cms.gov/fhir/CodeSystem/CLM-REV-PMT-MTHD-CD,14,,1,AUTHORITATIVE_MAPPING_PENDING
ExplanationOfBenefit,$.item[4].extension[4].valueCoding,CMS_BLUE_BUTTON,https://bluebutton.cms.gov/fhir/CodeSystem/CLM-PHYSN-ASTNT-CD,3,85% of payment. Either physician assistant services for other than assisting surgery or other hospital services or nurse practitioners services (not in rural areas),1,AUTHORITATIVE_MAPPING_PENDING
ExplanationOfBenefit,$.item[4].extension[5].valueCoding,CMS_BLUE_BUTTON,https://bluebutton.cms.gov/fhir/CodeSystem/CLM-PRCSG-IND-CD,V,MSP cost avoided â€” litigation settlement,1,AUTHORITATIVE_MAPPING_PENDING
ExplanationOfBenefit,$.item[4].extension[6].valueCoding,CMS_BLUE_BUTTON,https://bluebutton.cms.gov/fhir/CodeSystem/CLM-PRVDR-TYPE-CD,8,OTHER ENTITIES FOR WHOM EMPLOYER ID NUMBERS ARE USED IN CODING THE ID FIELD,1,AUTHORITATIVE_MAPPING_PENDING
ExplanationOfBenefit,$.item[4].locationCodeableConcept.coding[0],CMS,https://www.cms.gov/Medicare/Coding/place-of-service-codes/Place_of_Service_Code_Set,67,Unassigned,1,AUTHORITATIVE_MAPPING_PENDING
ExplanationOfBenefit,$.item[4].modifier[0].coding[0],AMA_CPT,http://www.ama-assn.org/go/cpt,22,,1,AUTHORITATIVE_MAPPING_PENDING
ExplanationOfBenefit,$.item[4].modifier[0].coding[0],AMA_CPT,http://www.ama-assn.org/go/cpt,23,,1,AUTHORITATIVE_MAPPING_PENDING
ExplanationOfBenefit,$.item[4].modifier[0].coding[1],CMS,https://www.cms.gov/Medicare/Coding/HCPCSReleaseCodeSets,U6,,1,AUTHORITATIVE_MAPPING_PENDING
ExplanationOfBenefit,$.item[4].modifier[0].coding[1],CMS,https://www.cms.gov/Medicare/Coding/HCPCSReleaseCodeSets,US,,1,AUTHORITATIVE_MAPPING_PENDING
ExplanationOfBenefit,$.item[4].modifier[0].coding[2],AMA_CPT,http://www.ama-assn.org/go/cpt,23,,1,AUTHORITATIVE_MAPPING_PENDING
ExplanationOfBenefit,$.item[4].modifier[0].coding[2],CMS,https://www.cms.gov/Medicare/Coding/HCPCSReleaseCodeSets,U6,,1,AUTHORITATIVE_MAPPING_PENDING
ExplanationOfBenefit,$.item[4].modifier[0].coding[3],CMS,https://www.cms.gov/Medicare/Coding/HCPCSReleaseCodeSets,PC,,1,AUTHORITATIVE_MAPPING_PENDING
ExplanationOfBenefit,$.item[4].modifier[0].coding[4],CMS,https://www.cms.gov/Medicare/Coding/HCPCSReleaseCodeSets,U6,,1,AUTHORITATIVE_MAPPING_PENDING
ExplanationOfBenefit,$.item[4].productOrService.coding[0],AMA_CPT,http://www.ama-assn.org/go/cpt,99453,,1,AUTHORITATIVE_MAPPING_PENDING
ExplanationOfBenefit,$.item[4].productOrService.coding[0],CMS,https://www.cms.gov/Medicare/Coding/HCPCSReleaseCodeSets,J2270,,1,AUTHORITATIVE_MAPPING_PENDING
ExplanationOfBenefit,$.item[4].revenue.coding[0],CMS_BLUE_BUTTON,https://bluebutton.cms.gov/fhir/CodeSystem/CLM-REV-CNTR-CD,0341,NUCLEAR MEDICINE - DIAGNOSTIC,1,AUTHORITATIVE_MAPPING_PENDING
ExplanationOfBenefit,$.item[4].revenue.coding[1],EXTERNAL_OR_UNKNOWN,https://www.nubc.org/CodeSystem/RevenueCodes,0341,,1,AUTHORITATIVE_MAPPING_PENDING
ExplanationOfBenefit,$.item[4].revenue.coding[2],CMS_BLUE_BUTTON,https://bluebutton.cms.gov/fhir/CodeSystem/CLM-DDCTBL-COINSRNC-CD,N,Override code; non-EGHP services involved,1,AUTHORITATIVE_MAPPING_PENDING
ExplanationOfBenefit,$.item[5].adjudication[0].category.coding[0],HL7_FHIR,http://hl7.org/fhir/us/carin-bb/CodeSystem/C4BBAdjudication,coinsurance,Co-insurance,1,AUTHORITATIVE_MAPPING_PENDING
ExplanationOfBenefit,$.item[5].adjudication[0].category.coding[0],HL7_TERMINOLOGY,http://terminology.hl7.org/CodeSystem/adjudication,deductible,Deductible,1,AUTHORITATIVE_MAPPING_PENDING
ExplanationOfBenefit,$.item[5].adjudication[0].category.coding[1],CMS_BLUE_BUTTON,https://bluebutton.cms.gov/fhir/CodeSystem/Adjudication,CLM_LINE_MDCR_COINSRNC_AMT,Coinsurance Amount,1,AUTHORITATIVE_MAPPING_PENDING
ExplanationOfBenefit,$.item[5].adjudication[0].category.coding[1],CMS_BLUE_BUTTON,https://bluebutton.cms.gov/fhir/CodeSystem/Adjudication,CLM_LINE_MDCR_DDCTBL_AMT,Cash Deductible Amount,1,AUTHORITATIVE_MAPPING_PENDING
ExplanationOfBenefit,$.item[5].adjudication[10].category.coding[0],CMS_BLUE_BUTTON,https://bluebutton.cms.gov/fhir/CodeSystem/Adjudication,CLM_LINE_INSTNL_ADJSTD_AMT,Revenue Center Coinsurance/Wage Adjusted Coinsurance Amount,1,AUTHORITATIVE_MAPPING_PENDING
ExplanationOfBenefit,$.item[5].adjudication[10].category.coding[0],CMS_BLUE_BUTTON,https://bluebutton.cms.gov/fhir/CodeSystem/Adjudication,CLM_LINE_PRFNL_INTRST_AMT,Professional Interest Amount,1,AUTHORITATIVE_MAPPING_PENDING
ExplanationOfBenefit,$.item[5].adjudication[11].category.coding[0],CMS_BLUE_BUTTON,https://bluebutton.cms.gov/fhir/CodeSystem/Adjudication,CLM_LINE_INSTNL_RDCD_AMT,Revenue Center Reduced Coinsurance Amount,1,AUTHORITATIVE_MAPPING_PENDING
ExplanationOfBenefit,$.item[5].adjudication[11].category.coding[0],CMS_BLUE_BUTTON,https://bluebutton.cms.gov/fhir/CodeSystem/Adjudication,CLM_MDCR_PRMRY_PYR_ALOWD_AMT,Line Primary Payer Allowed Amount,1,AUTHORITATIVE_MAPPING_PENDING
ExplanationOfBenefit,$.item[5].adjudication[12].category.coding[0],CMS_BLUE_BUTTON,https://bluebutton.cms.gov/fhir/CodeSystem/Adjudication,CLM_LINE_CARR_PSYCH_OT_LMT_AMT,Therapy Amount Applied to Limit,1,AUTHORITATIVE_MAPPING_PENDING
ExplanationOfBenefit,$.item[5].adjudication[12].category.coding[0],CMS_BLUE_BUTTON,https://bluebutton.cms.gov/fhir/CodeSystem/Adjudication,CLM_LINE_INSTNL_RATE_AMT,Revenue Center Rate Amount,1,AUTHORITATIVE_MAPPING_PENDING
ExplanationOfBenefit,$.item[5].adjudication[13].category.coding[0],CMS_BLUE_BUTTON,https://bluebutton.cms.gov/fhir/CodeSystem/Adjudication,CLM_LINE_ADD_ON_PYMT_AMT,Add On Payment Amount,1,AUTHORITATIVE_MAPPING_PENDING
ExplanationOfBenefit,$.item[5].adjudication[13].category.coding[0],CMS_BLUE_BUTTON,https://bluebutton.cms.gov/fhir/CodeSystem/Adjudication,CLM_LINE_PRFNL_DME_PRICE_AMT,Purchase Price Amount,1,AUTHORITATIVE_MAPPING_PENDING
ExplanationOfBenefit,$.item[5].adjudication[14].category.coding[0],CMS_BLUE_BUTTON,https://bluebutton.cms.gov/fhir/CodeSystem/Adjudication,CLM_REV_CNTR_TDAPA_AMT,Transitional Drug Add-On Payment Adjustment,1,AUTHORITATIVE_MAPPING_PENDING
ExplanationOfBenefit,$.item[5].adjudication[1].category.coding[0],HL7_FHIR,http://hl7.org/fhir/us/carin-bb/CodeSystem/C4BBAdjudication,paidtopatient,Paid to patient,1,AUTHORITATIVE_MAPPING_PENDING
ExplanationOfBenefit,$.item[5].adjudication[1].category.coding[0],HL7_TERMINOLOGY,http://terminology.hl7.org/CodeSystem/adjudication,eligible,Eligible Amount,1,AUTHORITATIVE_MAPPING_PENDING
ExplanationOfBenefit,$.item[5].adjudication[1].category.coding[1],CMS_BLUE_BUTTON,https://bluebutton.cms.gov/fhir/CodeSystem/Adjudication,CLM_LINE_ALOWD_CHRG_AMT,Line Allowed Charge Amount,1,AUTHORITATIVE_MAPPING_PENDING
ExplanationOfBenefit,$.item[5].adjudication[1].category.coding[1],CMS_BLUE_BUTTON,https://bluebutton.cms.gov/fhir/CodeSystem/Adjudication,CLM_LINE_BENE_PD_AMT,Payment Amount to Beneficiary,1,AUTHORITATIVE_MAPPING_PENDING
ExplanationOfBenefit,$.item[5].adjudication[2].category.coding[0],HL7_FHIR,http://hl7.org/fhir/us/carin-bb/CodeSystem/C4BBAdjudication,paidbypatient,Paid by patient,1,AUTHORITATIVE_MAPPING_PENDING
ExplanationOfBenefit,$.item[5].adjudication[2].category.coding[0],HL7_TERMINOLOGY,http://terminology.hl7.org/CodeSystem/adjudication,deductible,Deductible,1,AUTHORITATIVE_MAPPING_PENDING
ExplanationOfBenefit,$.item[5].adjudication[2].category.coding[1],CMS_BLUE_BUTTON,https://bluebutton.cms.gov/fhir/CodeSystem/Adjudication,CLM_LINE_BENE_PMT_AMT,Line Paid By Beneficiary Amount,1,AUTHORITATIVE_MAPPING_PENDING
ExplanationOfBenefit,$.item[5].adjudication[2].category.coding[1],CMS_BLUE_BUTTON,https://bluebutton.cms.gov/fhir/CodeSystem/Adjudication,CLM_LINE_MDCR_DDCTBL_AMT,Cash Deductible Amount,1,AUTHORITATIVE_MAPPING_PENDING
ExplanationOfBenefit,$.item[5].adjudication[3].category.coding[0],HL7_FHIR,http://hl7.org/fhir/us/carin-bb/CodeSystem/C4BBAdjudication,noncovered,Noncovered,1,AUTHORITATIVE_MAPPING_PENDING
ExplanationOfBenefit,$.item[5].adjudication[3].category.coding[0],HL7_FHIR,http://hl7.org/fhir/us/carin-bb/CodeSystem/C4BBAdjudication,paidtopatient,Paid to patient,1,AUTHORITATIVE_MAPPING_PENDING
ExplanationOfBenefit,$.item[5].adjudication[3].category.coding[1],CMS_BLUE_BUTTON,https://bluebutton.cms.gov/fhir/CodeSystem/Adjudication,CLM_LINE_BENE_PD_AMT,Payment Amount to Beneficiary,1,AUTHORITATIVE_MAPPING_PENDING
ExplanationOfBenefit,$.item[5].adjudication[3].category.coding[1],CMS_BLUE_BUTTON,https://bluebutton.cms.gov/fhir/CodeSystem/Adjudication,CLM_LINE_NCVRD_CHRG_AMT,Non-Covered Charge Amount,1,AUTHORITATIVE_MAPPING_PENDING
ExplanationOfBenefit,$.item[5].adjudication[4].category.coding[0],HL7_FHIR,http://hl7.org/fhir/us/carin-bb/CodeSystem/C4BBAdjudication,paidtoprovider,Paid to provider,2,AUTHORITATIVE_MAPPING_PENDING
ExplanationOfBenefit,$.item[5].adjudication[4].category.coding[1],CMS_BLUE_BUTTON,https://bluebutton.cms.gov/fhir/CodeSystem/Adjudication,CLM_LINE_PRVDR_PMT_AMT,Line Provider Payment Amount,2,AUTHORITATIVE_MAPPING_PENDING
ExplanationOfBenefit,$.item[5].adjudication[5].category.coding[0],HL7_TERMINOLOGY,http://terminology.hl7.org/CodeSystem/adjudication,benefit,Benefit Amount,2,AUTHORITATIVE_MAPPING_PENDING
ExplanationOfBenefit,$.item[5].adjudication[5].category.coding[1],CMS_BLUE_BUTTON,https://bluebutton.cms.gov/fhir/CodeSystem/Adjudication,CLM_LINE_CVRD_PD_AMT,Payment Amount,2,AUTHORITATIVE_MAPPING_PENDING
ExplanationOfBenefit,$.item[5].adjudication[6].category.coding[0],HL7_TERMINOLOGY,http://terminology.hl7.org/CodeSystem/adjudication,submitted,Submitted Amount,2,AUTHORITATIVE_MAPPING_PENDING
ExplanationOfBenefit,$.item[5].adjudication[6].category.coding[1],CMS_BLUE_BUTTON,https://bluebutton.cms.gov/fhir/CodeSystem/Adjudication,CLM_LINE_SBMT_CHRG_AMT,Line Submitted Charge Amount,2,AUTHORITATIVE_MAPPING_PENDING
ExplanationOfBenefit,$.item[5].adjudication[7].category.coding[0],HL7_FHIR,http://hl7.org/fhir/us/carin-bb/CodeSystem/C4BBAdjudication,priorpayerpaid,Prior payer paid,1,AUTHORITATIVE_MAPPING_PENDING
ExplanationOfBenefit,$.item[5].adjudication[7].category.coding[0],HL7_FHIR,http://hl7.org/fhir/us/carin-bb/CodeSystem/C4BBAdjudicationDiscriminator,benefitpaymentstatus,Benefit Payment Status,1,AUTHORITATIVE_MAPPING_PENDING
ExplanationOfBenefit,$.item[5].adjudication[7].category.coding[1],CMS_BLUE_BUTTON,https://bluebutton.cms.gov/fhir/CodeSystem/Adjudication,CLM_LINE_INSTNL_MSP1_PD_AMT,Revenue Center 1st MSP Paid Amount,1,AUTHORITATIVE_MAPPING_PENDING
ExplanationOfBenefit,$.item[5].adjudication[7].reason.coding[0],HL7_FHIR,http://hl7.org/fhir/us/carin-bb/CodeSystem/C4BBPayerAdjudicationStatus,other,Other,1,AUTHORITATIVE_MAPPING_PENDING
ExplanationOfBenefit,$.item[5].adjudication[8].category.coding[0],HL7_FHIR,http://hl7.org/fhir/us/carin-bb/CodeSystem/C4BBAdjudication,priorpayerpaid,Prior payer paid,2,AUTHORITATIVE_MAPPING_PENDING
ExplanationOfBenefit,$.item[5].adjudication[8].category.coding[1],CMS_BLUE_BUTTON,https://bluebutton.cms.gov/fhir/CodeSystem/Adjudication,CLM_BENE_PRMRY_PYR_PD_AMT,Line Primary Payer Paid Amount,1,AUTHORITATIVE_MAPPING_PENDING
ExplanationOfBenefit,$.item[5].adjudication[8].category.coding[1],CMS_BLUE_BUTTON,https://bluebutton.cms.gov/fhir/CodeSystem/Adjudication,CLM_LINE_INSTNL_MSP2_PD_AMT,Revenue Center 2nd MSP Paid Amount,1,AUTHORITATIVE_MAPPING_PENDING
ExplanationOfBenefit,$.item[5].adjudication[9].category.coding[0],HL7_FHIR,http://hl7.org/fhir/us/carin-bb/CodeSystem/C4BBAdjudication,discount,Discount,1,AUTHORITATIVE_MAPPING_PENDING
ExplanationOfBenefit,$.item[5].adjudication[9].category.coding[0],CMS_BLUE_BUTTON,https://bluebutton.cms.gov/fhir/CodeSystem/Adjudication,CLM_LINE_BLOOD_DDCTBL_AMT,Blood Deductible Amount,1,AUTHORITATIVE_MAPPING_PENDING
ExplanationOfBenefit,$.item[5].adjudication[9].category.coding[1],CMS_BLUE_BUTTON,https://bluebutton.cms.gov/fhir/CodeSystem/Adjudication,CLM_LINE_DMERC_SCRN_SVGS_AMT,Screen Savings Amount,1,AUTHORITATIVE_MAPPING_PENDING
ExplanationOfBenefit,$.item[5].extension[0].valueCoding,CMS_BLUE_BUTTON,https://bluebutton.cms.gov/fhir/CodeSystem/CLM-OTAF-ONE-IND-CD,Y,,1,AUTHORITATIVE_MAPPING_PENDING
ExplanationOfBenefit,$.item[5].extension[0].valueCoding,CMS_BLUE_BUTTON,https://bluebutton.cms.gov/fhir/CodeSystem/CLM-PRVDR-TYPE-CD,4,SUPPLIERS (OTHER THAN SOLE PROPRIETORSHIP) FOR WHOM THE CARRIER'S OWN CODE HAS BEEN SHOWN.,1,AUTHORITATIVE_MAPPING_PENDING
ExplanationOfBenefit,$.item[5].extension[1].valueCoding,CMS_BLUE_BUTTON,https://bluebutton.cms.gov/fhir/CodeSystem/CLM-PMT-80-100-CD,4,75% reimbursement,1,AUTHORITATIVE_MAPPING_PENDING
ExplanationOfBenefit,$.item[5].extension[1].valueCoding,CMS_BLUE_BUTTON,https://bluebutton.cms.gov/fhir/CodeSystem/CLM-REV-DSCNT-IND-CD,3,,1,AUTHORITATIVE_MAPPING_PENDING
ExplanationOfBenefit,$.item[5].extension[2].valueCoding,CMS_BLUE_BUTTON,https://bluebutton.cms.gov/fhir/CodeSystem/CLM-REV-PACKG-IND-CD,1,PACKAGED SERVICE (SERVICE INDICATOR N),1,AUTHORITATIVE_MAPPING_PENDING
ExplanationOfBenefit,$.item[5].extension[2].valueCoding,CMS_BLUE_BUTTON,https://bluebutton.cms.gov/fhir/CodeSystem/CLM-SRVC-DDCTBL-SW,1,Service Not Subject to Deductible,1,AUTHORITATIVE_MAPPING_PENDING
ExplanationOfBenefit,$.item[5].extension[3].valueCoding,CMS_BLUE_BUTTON,https://bluebutton.cms.gov/fhir/CodeSystem/CLM-MTUS-IND-CD,1,TRANSPORTATION (AMBULANCE) MILES,1,AUTHORITATIVE_MAPPING_PENDING
ExplanationOfBenefit,$.item[5].extension[3].valueCoding,CMS_BLUE_BUTTON,https://bluebutton.cms.gov/fhir/CodeSystem/CLM-REV-PMT-MTHD-CD,11,,1,AUTHORITATIVE_MAPPING_PENDING
ExplanationOfBenefit,$.item[5].extension[4].valueCoding,CMS_BLUE_BUTTON,https://bluebutton.cms.gov/fhir/CodeSystem/CLM-PHYSN-ASTNT-CD,3,85% of payment. Either physician assistant services for other than assisting surgery or other hospital services or nurse practitioners services (not in rural areas),1,AUTHORITATIVE_MAPPING_PENDING
ExplanationOfBenefit,$.item[5].extension[5].valueCoding,CMS_BLUE_BUTTON,https://bluebutton.cms.gov/fhir/CodeSystem/CLM-PRCSG-IND-CD,X,MSP cost avoided â€” generic,1,AUTHORITATIVE_MAPPING_PENDING
ExplanationOfBenefit,$.item[5].extension[6].valueCoding,CMS_BLUE_BUTTON,https://bluebutton.cms.gov/fhir/CodeSystem/CLM-PRVDR-TYPE-CD,27,CLINICAL PSYCHOLOGIST,1,AUTHORITATIVE_MAPPING_PENDING
ExplanationOfBenefit,$.item[5].locationCodeableConcept.coding[0],CMS,https://www.cms.gov/Medicare/Coding/place-of-service-codes/Place_of_Service_Code_Set,55,Residential Substance Abuse Treatment Facility,1,AUTHORITATIVE_MAPPING_PENDING
ExplanationOfBenefit,$.item[5].modifier[0].coding[0],AMA_CPT,http://www.ama-assn.org/go/cpt,22,,1,AUTHORITATIVE_MAPPING_PENDING
ExplanationOfBenefit,$.item[5].modifier[0].coding[0],CMS,https://www.cms.gov/Medicare/Coding/HCPCSReleaseCodeSets,U6,,1,AUTHORITATIVE_MAPPING_PENDING
ExplanationOfBenefit,$.item[5].modifier[0].coding[1],CMS,https://www.cms.gov/Medicare/Coding/HCPCSReleaseCodeSets,PD,,1,AUTHORITATIVE_MAPPING_PENDING
ExplanationOfBenefit,$.item[5].modifier[0].coding[1],CMS,https://www.cms.gov/Medicare/Coding/HCPCSReleaseCodeSets,US,,1,AUTHORITATIVE_MAPPING_PENDING
ExplanationOfBenefit,$.item[5].modifier[0].coding[2],CMS,https://www.cms.gov/Medicare/Coding/HCPCSReleaseCodeSets,PC,,1,AUTHORITATIVE_MAPPING_PENDING
ExplanationOfBenefit,$.item[5].modifier[0].coding[2],CMS,https://www.cms.gov/Medicare/Coding/HCPCSReleaseCodeSets,US,,1,AUTHORITATIVE_MAPPING_PENDING
ExplanationOfBenefit,$.item[5].modifier[0].coding[3],AMA_CPT,http://www.ama-assn.org/go/cpt,22,,1,AUTHORITATIVE_MAPPING_PENDING
ExplanationOfBenefit,$.item[5].modifier[0].coding[3],CMS,https://www.cms.gov/Medicare/Coding/HCPCSReleaseCodeSets,PD,,1,AUTHORITATIVE_MAPPING_PENDING
ExplanationOfBenefit,$.item[5].modifier[0].coding[4],CMS,https://www.cms.gov/Medicare/Coding/HCPCSReleaseCodeSets,PD,,1,AUTHORITATIVE_MAPPING_PENDING
ExplanationOfBenefit,$.item[5].productOrService.coding[0],AMA_CPT,http://www.ama-assn.org/go/cpt,99453,,1,AUTHORITATIVE_MAPPING_PENDING
ExplanationOfBenefit,$.item[5].productOrService.coding[0],CMS,https://www.cms.gov/Medicare/Coding/HCPCSReleaseCodeSets,J2270,,1,AUTHORITATIVE_MAPPING_PENDING
ExplanationOfBenefit,$.item[5].revenue.coding[0],CMS_BLUE_BUTTON,https://bluebutton.cms.gov/fhir/CodeSystem/CLM-REV-CNTR-CD,0539,OSTEOPATHIC SERVICES - OTHER OSTEOPATHIC SERVICES,1,AUTHORITATIVE_MAPPING_PENDING
ExplanationOfBenefit,$.item[5].revenue.coding[1],EXTERNAL_OR_UNKNOWN,https://www.nubc.org/CodeSystem/RevenueCodes,0539,,1,AUTHORITATIVE_MAPPING_PENDING
ExplanationOfBenefit,$.item[5].revenue.coding[2],CMS_BLUE_BUTTON,https://bluebutton.cms.gov/fhir/CodeSystem/CLM-DDCTBL-COINSRNC-CD,2,Charges are not subject to coinsurance,1,AUTHORITATIVE_MAPPING_PENDING
ExplanationOfBenefit,$.item[6].adjudication[0].category.coding[0],HL7_FHIR,http://hl7.org/fhir/us/carin-bb/CodeSystem/C4BBAdjudication,coinsurance,Co-insurance,1,AUTHORITATIVE_MAPPING_PENDING
ExplanationOfBenefit,$.item[6].adjudication[0].category.coding[0],HL7_TERMINOLOGY,http://terminology.hl7.org/CodeSystem/adjudication,deductible,Deductible,1,AUTHORITATIVE_MAPPING_PENDING
ExplanationOfBenefit,$.item[6].adjudication[0].category.coding[1],CMS_BLUE_BUTTON,https://bluebutton.cms.gov/fhir/CodeSystem/Adjudication,CLM_LINE_MDCR_COINSRNC_AMT,Coinsurance Amount,1,AUTHORITATIVE_MAPPING_PENDING
ExplanationOfBenefit,$.item[6].adjudication[0].category.coding[1],CMS_BLUE_BUTTON,https://bluebutton.cms.gov/fhir/CodeSystem/Adjudication,CLM_LINE_MDCR_DDCTBL_AMT,Cash Deductible Amount,1,AUTHORITATIVE_MAPPING_PENDING
ExplanationOfBenefit,$.item[6].adjudication[10].category.coding[0],CMS_BLUE_BUTTON,https://bluebutton.cms.gov/fhir/CodeSystem/Adjudication,CLM_LINE_INSTNL_ADJSTD_AMT,Revenue Center Coinsurance/Wage Adjusted Coinsurance Amount,1,AUTHORITATIVE_MAPPING_PENDING
ExplanationOfBenefit,$.item[6].adjudication[10].category.coding[0],CMS_BLUE_BUTTON,https://bluebutton.cms.gov/fhir/CodeSystem/Adjudication,CLM_LINE_PRFNL_INTRST_AMT,Professional Interest Amount,1,AUTHORITATIVE_MAPPING_PENDING
ExplanationOfBenefit,$.item[6].adjudication[11].category.coding[0],CMS_BLUE_BUTTON,https://bluebutton.cms.gov/fhir/CodeSystem/Adjudication,CLM_LINE_INSTNL_RDCD_AMT,Revenue Center Reduced Coinsurance Amount,1,AUTHORITATIVE_MAPPING_PENDING
ExplanationOfBenefit,$.item[6].adjudication[11].category.coding[0],CMS_BLUE_BUTTON,https://bluebutton.cms.gov/fhir/CodeSystem/Adjudication,CLM_MDCR_PRMRY_PYR_ALOWD_AMT,Line Primary Payer Allowed Amount,1,AUTHORITATIVE_MAPPING_PENDING
ExplanationOfBenefit,$.item[6].adjudication[12].category.coding[0],CMS_BLUE_BUTTON,https://bluebutton.cms.gov/fhir/CodeSystem/Adjudication,CLM_LINE_CARR_PSYCH_OT_LMT_AMT,Therapy Amount Applied to Limit,1,AUTHORITATIVE_MAPPING_PENDING
ExplanationOfBenefit,$.item[6].adjudication[12].category.coding[0],CMS_BLUE_BUTTON,https://bluebutton.cms.gov/fhir/CodeSystem/Adjudication,CLM_LINE_INSTNL_RATE_AMT,Revenue Center Rate Amount,1,AUTHORITATIVE_MAPPING_PENDING
ExplanationOfBenefit,$.item[6].adjudication[13].category.coding[0],CMS_BLUE_BUTTON,https://bluebutton.cms.gov/fhir/CodeSystem/Adjudication,CLM_LINE_ADD_ON_PYMT_AMT,Add On Payment Amount,1,AUTHORITATIVE_MAPPING_PENDING
ExplanationOfBenefit,$.item[6].adjudication[13].category.coding[0],CMS_BLUE_BUTTON,https://bluebutton.cms.gov/fhir/CodeSystem/Adjudication,CLM_LINE_PRFNL_DME_PRICE_AMT,Purchase Price Amount,1,AUTHORITATIVE_MAPPING_PENDING
ExplanationOfBenefit,$.item[6].adjudication[14].category.coding[0],CMS_BLUE_BUTTON,https://bluebutton.cms.gov/fhir/CodeSystem/Adjudication,CLM_REV_CNTR_TDAPA_AMT,Transitional Drug Add-On Payment Adjustment,1,AUTHORITATIVE_MAPPING_PENDING
ExplanationOfBenefit,$.item[6].adjudication[1].category.coding[0],HL7_FHIR,http://hl7.org/fhir/us/carin-bb/CodeSystem/C4BBAdjudication,paidtopatient,Paid to patient,1,AUTHORITATIVE_MAPPING_PENDING
ExplanationOfBenefit,$.item[6].adjudication[1].category.coding[0],HL7_TERMINOLOGY,http://terminology.hl7.org/CodeSystem/adjudication,eligible,Eligible Amount,1,AUTHORITATIVE_MAPPING_PENDING
ExplanationOfBenefit,$.item[6].adjudication[1].category.coding[1],CMS_BLUE_BUTTON,https://bluebutton.cms.gov/fhir/CodeSystem/Adjudication,CLM_LINE_ALOWD_CHRG_AMT,Line Allowed Charge Amount,1,AUTHORITATIVE_MAPPING_PENDING
ExplanationOfBenefit,$.item[6].adjudication[1].category.coding[1],CMS_BLUE_BUTTON,https://bluebutton.cms.gov/fhir/CodeSystem/Adjudication,CLM_LINE_BENE_PD_AMT,Payment Amount to Beneficiary,1,AUTHORITATIVE_MAPPING_PENDING
ExplanationOfBenefit,$.item[6].adjudication[2].category.coding[0],HL7_FHIR,http://hl7.org/fhir/us/carin-bb/CodeSystem/C4BBAdjudication,paidbypatient,Paid by patient,1,AUTHORITATIVE_MAPPING_PENDING
ExplanationOfBenefit,$.item[6].adjudication[2].category.coding[0],HL7_TERMINOLOGY,http://terminology.hl7.org/CodeSystem/adjudication,deductible,Deductible,1,AUTHORITATIVE_MAPPING_PENDING
ExplanationOfBenefit,$.item[6].adjudication[2].category.coding[1],CMS_BLUE_BUTTON,https://bluebutton.cms.gov/fhir/CodeSystem/Adjudication,CLM_LINE_BENE_PMT_AMT,Line Paid By Beneficiary Amount,1,AUTHORITATIVE_MAPPING_PENDING
ExplanationOfBenefit,$.item[6].adjudication[2].category.coding[1],CMS_BLUE_BUTTON,https://bluebutton.cms.gov/fhir/CodeSystem/Adjudication,CLM_LINE_MDCR_DDCTBL_AMT,Cash Deductible Amount,1,AUTHORITATIVE_MAPPING_PENDING
ExplanationOfBenefit,$.item[6].adjudication[3].category.coding[0],HL7_FHIR,http://hl7.org/fhir/us/carin-bb/CodeSystem/C4BBAdjudication,noncovered,Noncovered,1,AUTHORITATIVE_MAPPING_PENDING
ExplanationOfBenefit,$.item[6].adjudication[3].category.coding[0],HL7_FHIR,http://hl7.org/fhir/us/carin-bb/CodeSystem/C4BBAdjudication,paidtopatient,Paid to patient,1,AUTHORITATIVE_MAPPING_PENDING
ExplanationOfBenefit,$.item[6].adjudication[3].category.coding[1],CMS_BLUE_BUTTON,https://bluebutton.cms.gov/fhir/CodeSystem/Adjudication,CLM_LINE_BENE_PD_AMT,Payment Amount to Beneficiary,1,AUTHORITATIVE_MAPPING_PENDING
ExplanationOfBenefit,$.item[6].adjudication[3].category.coding[1],CMS_BLUE_BUTTON,https://bluebutton.cms.gov/fhir/CodeSystem/Adjudication,CLM_LINE_NCVRD_CHRG_AMT,Non-Covered Charge Amount,1,AUTHORITATIVE_MAPPING_PENDING
ExplanationOfBenefit,$.item[6].adjudication[4].category.coding[0],HL7_FHIR,http://hl7.org/fhir/us/carin-bb/CodeSystem/C4BBAdjudication,paidtoprovider,Paid to provider,2,AUTHORITATIVE_MAPPING_PENDING
ExplanationOfBenefit,$.item[6].adjudication[4].category.coding[1],CMS_BLUE_BUTTON,https://bluebutton.cms.gov/fhir/CodeSystem/Adjudication,CLM_LINE_PRVDR_PMT_AMT,Line Provider Payment Amount,2,AUTHORITATIVE_MAPPING_PENDING
ExplanationOfBenefit,$.item[6].adjudication[5].category.coding[0],HL7_TERMINOLOGY,http://terminology.hl7.org/CodeSystem/adjudication,benefit,Benefit Amount,2,AUTHORITATIVE_MAPPING_PENDING
ExplanationOfBenefit,$.item[6].adjudication[5].category.coding[1],CMS_BLUE_BUTTON,https://bluebutton.cms.gov/fhir/CodeSystem/Adjudication,CLM_LINE_CVRD_PD_AMT,Payment Amount,2,AUTHORITATIVE_MAPPING_PENDING
ExplanationOfBenefit,$.item[6].adjudication[6].category.coding[0],HL7_TERMINOLOGY,http://terminology.hl7.org/CodeSystem/adjudication,submitted,Submitted Amount,2,AUTHORITATIVE_MAPPING_PENDING
ExplanationOfBenefit,$.item[6].adjudication[6].category.coding[1],CMS_BLUE_BUTTON,https://bluebutton.cms.gov/fhir/CodeSystem/Adjudication,CLM_LINE_SBMT_CHRG_AMT,Line Submitted Charge Amount,2,AUTHORITATIVE_MAPPING_PENDING
ExplanationOfBenefit,$.item[6].adjudication[7].category.coding[0],HL7_FHIR,http://hl7.org/fhir/us/carin-bb/CodeSystem/C4BBAdjudication,priorpayerpaid,Prior payer paid,1,AUTHORITATIVE_MAPPING_PENDING
ExplanationOfBenefit,$.item[6].adjudication[7].category.coding[0],HL7_FHIR,http://hl7.org/fhir/us/carin-bb/CodeSystem/C4BBAdjudicationDiscriminator,benefitpaymentstatus,Benefit Payment Status,1,AUTHORITATIVE_MAPPING_PENDING
ExplanationOfBenefit,$.item[6].adjudication[7].category.coding[1],CMS_BLUE_BUTTON,https://bluebutton.cms.gov/fhir/CodeSystem/Adjudication,CLM_LINE_INSTNL_MSP1_PD_AMT,Revenue Center 1st MSP Paid Amount,1,AUTHORITATIVE_MAPPING_PENDING
ExplanationOfBenefit,$.item[6].adjudication[7].reason.coding[0],HL7_FHIR,http://hl7.org/fhir/us/carin-bb/CodeSystem/C4BBPayerAdjudicationStatus,other,Other,1,AUTHORITATIVE_MAPPING_PENDING
ExplanationOfBenefit,$.item[6].adjudication[8].category.coding[0],HL7_FHIR,http://hl7.org/fhir/us/carin-bb/CodeSystem/C4BBAdjudication,priorpayerpaid,Prior payer paid,2,AUTHORITATIVE_MAPPING_PENDING
ExplanationOfBenefit,$.item[6].adjudication[8].category.coding[1],CMS_BLUE_BUTTON,https://bluebutton.cms.gov/fhir/CodeSystem/Adjudication,CLM_BENE_PRMRY_PYR_PD_AMT,Line Primary Payer Paid Amount,1,AUTHORITATIVE_MAPPING_PENDING
ExplanationOfBenefit,$.item[6].adjudication[8].category.coding[1],CMS_BLUE_BUTTON,https://bluebutton.cms.gov/fhir/CodeSystem/Adjudication,CLM_LINE_INSTNL_MSP2_PD_AMT,Revenue Center 2nd MSP Paid Amount,1,AUTHORITATIVE_MAPPING_PENDING
ExplanationOfBenefit,$.item[6].adjudication[9].category.coding[0],HL7_FHIR,http://hl7.org/fhir/us/carin-bb/CodeSystem/C4BBAdjudication,discount,Discount,1,AUTHORITATIVE_MAPPING_PENDING
ExplanationOfBenefit,$.item[6].adjudication[9].category.coding[0],CMS_BLUE_BUTTON,https://bluebutton.cms.gov/fhir/CodeSystem/Adjudication,CLM_LINE_BLOOD_DDCTBL_AMT,Blood Deductible Amount,1,AUTHORITATIVE_MAPPING_PENDING
ExplanationOfBenefit,$.item[6].adjudication[9].category.coding[1],CMS_BLUE_BUTTON,https://bluebutton.cms.gov/fhir/CodeSystem/Adjudication,CLM_LINE_DMERC_SCRN_SVGS_AMT,Screen Savings Amount,1,AUTHORITATIVE_MAPPING_PENDING
ExplanationOfBenefit,$.item[6].detail[0].productOrService.coding[0],HL7_FHIR,http://hl7.org/fhir/sid/ndc,00338004904,,1,AUTHORITATIVE_MAPPING_PENDING
ExplanationOfBenefit,$.item[6].detail[0].productOrService.coding[0],HL7_FHIR,http://hl7.org/fhir/sid/ndc,264180032,,1,AUTHORITATIVE_MAPPING_PENDING
ExplanationOfBenefit,$.item[6].detail[0].quantity,EXTERNAL_OR_UNKNOWN,http://unitsofmeasure.org,mL,,1,AUTHORITATIVE_MAPPING_PENDING
ExplanationOfBenefit,$.item[6].extension[0].valueCoding,CMS_BLUE_BUTTON,https://bluebutton.cms.gov/fhir/CodeSystem/CLM-PMT-80-100-CD,3,100% Limitation of liability only,1,AUTHORITATIVE_MAPPING_PENDING
ExplanationOfBenefit,$.item[6].extension[0].valueCoding,CMS_BLUE_BUTTON,https://bluebutton.cms.gov/fhir/CodeSystem/CLM-REV-CNTR-STUS-CD,J,,1,AUTHORITATIVE_MAPPING_PENDING
ExplanationOfBenefit,$.item[6].extension[1].valueCoding,CMS_BLUE_BUTTON,https://bluebutton.cms.gov/fhir/CodeSystem/CLM-REV-PACKG-IND-CD,3,PACKAGED AS PART OF PARTIAL HOSPITALIZATION PER DIEM OR DAILY MENTAL HEALTH SERVICE PER DIEM,1,AUTHORITATIVE_MAPPING_PENDING
ExplanationOfBenefit,$.item[6].extension[1].valueCoding,CMS_BLUE_BUTTON,https://bluebutton.cms.gov/fhir/CodeSystem/CLM-SRVC-DDCTBL-SW,0,Service Subject to Deductible,1,AUTHORITATIVE_MAPPING_PENDING
ExplanationOfBenefit,$.item[6].extension[2].valueCoding,CMS_BLUE_BUTTON,https://bluebutton.cms.gov/fhir/CodeSystem/CLM-MTUS-IND-CD,2,ANESTHESIA TIME UNITS,1,AUTHORITATIVE_MAPPING_PENDING
ExplanationOfBenefit,$.item[6].extension[2].valueCoding,CMS_BLUE_BUTTON,https://bluebutton.cms.gov/fhir/CodeSystem/CLM-REV-PMT-MTHD-CD,7,,1,AUTHORITATIVE_MAPPING_PENDING
ExplanationOfBenefit,$.item[6].extension[3].valueCoding,CMS_BLUE_BUTTON,https://bluebutton.cms.gov/fhir/CodeSystem/CLM-PHYSN-ASTNT-CD,0,N/A,1,AUTHORITATIVE_MAPPING_PENDING
ExplanationOfBenefit,$.item[6].extension[4].valueCoding,CMS_BLUE_BUTTON,https://bluebutton.cms.gov/fhir/CodeSystem/CLM-PRCSG-IND-CD,Y,MSP cost avoided â€” IRS/SSA data match project,1,AUTHORITATIVE_MAPPING_PENDING
ExplanationOfBenefit,$.item[6].extension[5].valueCoding,CMS_BLUE_BUTTON,https://bluebutton.cms.gov/fhir/CodeSystem/CLM-PRVDR-TYPE-CD,0,"CLINICS, GROUPS, ASSOCIATIONS, INTERVENTION, OR OTHER ENTITIES FOR WHICH THE CARRIER'S OWN ID NUMBER HAS BEEN ASSIGNED.",1,AUTHORITATIVE_MAPPING_PENDING
ExplanationOfBenefit,$.item[6].locationCodeableConcept.coding[0],CMS,https://www.cms.gov/Medicare/Coding/place-of-service-codes/Place_of_Service_Code_Set,45,Unassigned,1,AUTHORITATIVE_MAPPING_PENDING
ExplanationOfBenefit,$.item[6].modifier[0].coding[0],AMA_CPT,http://www.ama-assn.org/go/cpt,32,,1,AUTHORITATIVE_MAPPING_PENDING
ExplanationOfBenefit,$.item[6].modifier[0].coding[0],CMS,https://www.cms.gov/Medicare/Coding/HCPCSReleaseCodeSets,PD,,1,AUTHORITATIVE_MAPPING_PENDING
ExplanationOfBenefit,$.item[6].modifier[0].coding[1],AMA_CPT,http://www.ama-assn.org/go/cpt,28,,1,AUTHORITATIVE_MAPPING_PENDING
ExplanationOfBenefit,$.item[6].modifier[0].coding[1],CMS,https://www.cms.gov/Medicare/Coding/HCPCSReleaseCodeSets,PD,,1,AUTHORITATIVE_MAPPING_PENDING
ExplanationOfBenefit,$.item[6].modifier[0].coding[2],AMA_CPT,http://www.ama-assn.org/go/cpt,32,,1,AUTHORITATIVE_MAPPING_PENDING
ExplanationOfBenefit,$.item[6].modifier[0].coding[2],CMS,https://www.cms.gov/Medicare/Coding/HCPCSReleaseCodeSets,PC,,1,AUTHORITATIVE_MAPPING_PENDING
ExplanationOfBenefit,$.item[6].modifier[0].coding[3],CMS,https://www.cms.gov/Medicare/Coding/HCPCSReleaseCodeSets,1P,,2,AUTHORITATIVE_MAPPING_PENDING
ExplanationOfBenefit,$.item[6].modifier[0].coding[4],CMS,https://www.cms.gov/Medicare/Coding/HCPCSReleaseCodeSets,US,,1,AUTHORITATIVE_MAPPING_PENDING
ExplanationOfBenefit,$.item[6].productOrService.coding[0],AMA_CPT,http://www.ama-assn.org/go/cpt,99453,,1,AUTHORITATIVE_MAPPING_PENDING
ExplanationOfBenefit,$.item[6].productOrService.coding[0],CMS,https://www.cms.gov/Medicare/Coding/HCPCSReleaseCodeSets,J2270,,1,AUTHORITATIVE_MAPPING_PENDING
ExplanationOfBenefit,$.item[6].revenue.coding[0],CMS_BLUE_BUTTON,https://bluebutton.cms.gov/fhir/CodeSystem/CLM-REV-CNTR-CD,0723,LABOR ROOM/DELIVERY - CIRCUMCISION,1,AUTHORITATIVE_MAPPING_PENDING
ExplanationOfBenefit,$.item[6].revenue.coding[1],EXTERNAL_OR_UNKNOWN,https://www.nubc.org/CodeSystem/RevenueCodes,0723,,1,AUTHORITATIVE_MAPPING_PENDING
ExplanationOfBenefit,$.item[6].revenue.coding[2],CMS_BLUE_BUTTON,https://bluebutton.cms.gov/fhir/CodeSystem/CLM-DDCTBL-COINSRNC-CD,N,Override code; non-EGHP services involved,1,AUTHORITATIVE_MAPPING_PENDING
ExplanationOfBenefit,$.item[7].adjudication[0].category.coding[0],HL7_FHIR,http://hl7.org/fhir/us/carin-bb/CodeSystem/C4BBAdjudication,coinsurance,Co-insurance,1,AUTHORITATIVE_MAPPING_PENDING
ExplanationOfBenefit,$.item[7].adjudication[0].category.coding[0],HL7_TERMINOLOGY,http://terminology.hl7.org/CodeSystem/adjudication,deductible,Deductible,1,AUTHORITATIVE_MAPPING_PENDING
ExplanationOfBenefit,$.item[7].adjudication[0].category.coding[1],CMS_BLUE_BUTTON,https://bluebutton.cms.gov/fhir/CodeSystem/Adjudication,CLM_LINE_MDCR_COINSRNC_AMT,Coinsurance Amount,1,AUTHORITATIVE_MAPPING_PENDING
ExplanationOfBenefit,$.item[7].adjudication[0].category.coding[1],CMS_BLUE_BUTTON,https://bluebutton.cms.gov/fhir/CodeSystem/Adjudication,CLM_LINE_MDCR_DDCTBL_AMT,Cash Deductible Amount,1,AUTHORITATIVE_MAPPING_PENDING
ExplanationOfBenefit,$.item[7].adjudication[10].category.coding[0],CMS_BLUE_BUTTON,https://bluebutton.cms.gov/fhir/CodeSystem/Adjudication,CLM_LINE_INSTNL_ADJSTD_AMT,Revenue Center Coinsurance/Wage Adjusted Coinsurance Amount,1,AUTHORITATIVE_MAPPING_PENDING
ExplanationOfBenefit,$.item[7].adjudication[10].category.coding[0],CMS_BLUE_BUTTON,https://bluebutton.cms.gov/fhir/CodeSystem/Adjudication,CLM_LINE_PRFNL_INTRST_AMT,Professional Interest Amount,1,AUTHORITATIVE_MAPPING_PENDING
ExplanationOfBenefit,$.item[7].adjudication[11].category.coding[0],CMS_BLUE_BUTTON,https://bluebutton.cms.gov/fhir/CodeSystem/Adjudication,CLM_LINE_INSTNL_RDCD_AMT,Revenue Center Reduced Coinsurance Amount,1,AUTHORITATIVE_MAPPING_PENDING
ExplanationOfBenefit,$.item[7].adjudication[11].category.coding[0],CMS_BLUE_BUTTON,https://bluebutton.cms.gov/fhir/CodeSystem/Adjudication,CLM_MDCR_PRMRY_PYR_ALOWD_AMT,Line Primary Payer Allowed Amount,1,AUTHORITATIVE_MAPPING_PENDING
ExplanationOfBenefit,$.item[7].adjudication[12].category.coding[0],CMS_BLUE_BUTTON,https://bluebutton.cms.gov/fhir/CodeSystem/Adjudication,CLM_LINE_CARR_PSYCH_OT_LMT_AMT,Therapy Amount Applied to Limit,1,AUTHORITATIVE_MAPPING_PENDING
ExplanationOfBenefit,$.item[7].adjudication[12].category.coding[0],CMS_BLUE_BUTTON,https://bluebutton.cms.gov/fhir/CodeSystem/Adjudication,CLM_LINE_INSTNL_RATE_AMT,Revenue Center Rate Amount,1,AUTHORITATIVE_MAPPING_PENDING
ExplanationOfBenefit,$.item[7].adjudication[13].category.coding[0],CMS_BLUE_BUTTON,https://bluebutton.cms.gov/fhir/CodeSystem/Adjudication,CLM_LINE_ADD_ON_PYMT_AMT,Add On Payment Amount,1,AUTHORITATIVE_MAPPING_PENDING
ExplanationOfBenefit,$.item[7].adjudication[13].category.coding[0],CMS_BLUE_BUTTON,https://bluebutton.cms.gov/fhir/CodeSystem/Adjudication,CLM_LINE_PRFNL_DME_PRICE_AMT,Purchase Price Amount,1,AUTHORITATIVE_MAPPING_PENDING
ExplanationOfBenefit,$.item[7].adjudication[14].category.coding[0],CMS_BLUE_BUTTON,https://bluebutton.cms.gov/fhir/CodeSystem/Adjudication,CLM_REV_CNTR_TDAPA_AMT,Transitional Drug Add-On Payment Adjustment,1,AUTHORITATIVE_MAPPING_PENDING
ExplanationOfBenefit,$.item[7].adjudication[1].category.coding[0],HL7_FHIR,http://hl7.org/fhir/us/carin-bb/CodeSystem/C4BBAdjudication,paidtopatient,Paid to patient,1,AUTHORITATIVE_MAPPING_PENDING
ExplanationOfBenefit,$.item[7].adjudication[1].category.coding[0],HL7_TERMINOLOGY,http://terminology.hl7.org/CodeSystem/adjudication,eligible,Eligible Amount,1,AUTHORITATIVE_MAPPING_PENDING
ExplanationOfBenefit,$.item[7].adjudication[1].category.coding[1],CMS_BLUE_BUTTON,https://bluebutton.cms.gov/fhir/CodeSystem/Adjudication,CLM_LINE_ALOWD_CHRG_AMT,Line Allowed Charge Amount,1,AUTHORITATIVE_MAPPING_PENDING
ExplanationOfBenefit,$.item[7].adjudication[1].category.coding[1],CMS_BLUE_BUTTON,https://bluebutton.cms.gov/fhir/CodeSystem/Adjudication,CLM_LINE_BENE_PD_AMT,Payment Amount to Beneficiary,1,AUTHORITATIVE_MAPPING_PENDING
ExplanationOfBenefit,$.item[7].adjudication[2].category.coding[0],HL7_FHIR,http://hl7.org/fhir/us/carin-bb/CodeSystem/C4BBAdjudication,paidbypatient,Paid by patient,1,AUTHORITATIVE_MAPPING_PENDING
ExplanationOfBenefit,$.item[7].adjudication[2].category.coding[0],HL7_TERMINOLOGY,http://terminology.hl7.org/CodeSystem/adjudication,deductible,Deductible,1,AUTHORITATIVE_MAPPING_PENDING
ExplanationOfBenefit,$.item[7].adjudication[2].category.coding[1],CMS_BLUE_BUTTON,https://bluebutton.cms.gov/fhir/CodeSystem/Adjudication,CLM_LINE_BENE_PMT_AMT,Line Paid By Beneficiary Amount,1,AUTHORITATIVE_MAPPING_PENDING
ExplanationOfBenefit,$.item[7].adjudication[2].category.coding[1],CMS_BLUE_BUTTON,https://bluebutton.cms.gov/fhir/CodeSystem/Adjudication,CLM_LINE_MDCR_DDCTBL_AMT,Cash Deductible Amount,1,AUTHORITATIVE_MAPPING_PENDING
ExplanationOfBenefit,$.item[7].adjudication[3].category.coding[0],HL7_FHIR,http://hl7.org/fhir/us/carin-bb/CodeSystem/C4BBAdjudication,noncovered,Noncovered,1,AUTHORITATIVE_MAPPING_PENDING
ExplanationOfBenefit,$.item[7].adjudication[3].category.coding[0],HL7_FHIR,http://hl7.org/fhir/us/carin-bb/CodeSystem/C4BBAdjudication,paidtopatient,Paid to patient,1,AUTHORITATIVE_MAPPING_PENDING
ExplanationOfBenefit,$.item[7].adjudication[3].category.coding[1],CMS_BLUE_BUTTON,https://bluebutton.cms.gov/fhir/CodeSystem/Adjudication,CLM_LINE_BENE_PD_AMT,Payment Amount to Beneficiary,1,AUTHORITATIVE_MAPPING_PENDING
ExplanationOfBenefit,$.item[7].adjudication[3].category.coding[1],CMS_BLUE_BUTTON,https://bluebutton.cms.gov/fhir/CodeSystem/Adjudication,CLM_LINE_NCVRD_CHRG_AMT,Non-Covered Charge Amount,1,AUTHORITATIVE_MAPPING_PENDING
ExplanationOfBenefit,$.item[7].adjudication[4].category.coding[0],HL7_FHIR,http://hl7.org/fhir/us/carin-bb/CodeSystem/C4BBAdjudication,paidtoprovider,Paid to provider,2,AUTHORITATIVE_MAPPING_PENDING
ExplanationOfBenefit,$.item[7].adjudication[4].category.coding[1],CMS_BLUE_BUTTON,https://bluebutton.cms.gov/fhir/CodeSystem/Adjudication,CLM_LINE_PRVDR_PMT_AMT,Line Provider Payment Amount,2,AUTHORITATIVE_MAPPING_PENDING
ExplanationOfBenefit,$.item[7].adjudication[5].category.coding[0],HL7_TERMINOLOGY,http://terminology.hl7.org/CodeSystem/adjudication,benefit,Benefit Amount,2,AUTHORITATIVE_MAPPING_PENDING
ExplanationOfBenefit,$.item[7].adjudication[5].category.coding[1],CMS_BLUE_BUTTON,https://bluebutton.cms.gov/fhir/CodeSystem/Adjudication,CLM_LINE_CVRD_PD_AMT,Payment Amount,2,AUTHORITATIVE_MAPPING_PENDING
ExplanationOfBenefit,$.item[7].adjudication[6].category.coding[0],HL7_TERMINOLOGY,http://terminology.hl7.org/CodeSystem/adjudication,submitted,Submitted Amount,2,AUTHORITATIVE_MAPPING_PENDING
ExplanationOfBenefit,$.item[7].adjudication[6].category.coding[1],CMS_BLUE_BUTTON,https://bluebutton.cms.gov/fhir/CodeSystem/Adjudication,CLM_LINE_SBMT_CHRG_AMT,Line Submitted Charge Amount,2,AUTHORITATIVE_MAPPING_PENDING
ExplanationOfBenefit,$.item[7].adjudication[7].category.coding[0],HL7_FHIR,http://hl7.org/fhir/us/carin-bb/CodeSystem/C4BBAdjudication,priorpayerpaid,Prior payer paid,1,AUTHORITATIVE_MAPPING_PENDING
ExplanationOfBenefit,$.item[7].adjudication[7].category.coding[0],HL7_FHIR,http://hl7.org/fhir/us/carin-bb/CodeSystem/C4BBAdjudicationDiscriminator,benefitpaymentstatus,Benefit Payment Status,1,AUTHORITATIVE_MAPPING_PENDING
ExplanationOfBenefit,$.item[7].adjudication[7].category.coding[1],CMS_BLUE_BUTTON,https://bluebutton.cms.gov/fhir/CodeSystem/Adjudication,CLM_LINE_INSTNL_MSP1_PD_AMT,Revenue Center 1st MSP Paid Amount,1,AUTHORITATIVE_MAPPING_PENDING
ExplanationOfBenefit,$.item[7].adjudication[7].reason.coding[0],HL7_FHIR,http://hl7.org/fhir/us/carin-bb/CodeSystem/C4BBPayerAdjudicationStatus,other,Other,1,AUTHORITATIVE_MAPPING_PENDING
ExplanationOfBenefit,$.item[7].adjudication[8].category.coding[0],HL7_FHIR,http://hl7.org/fhir/us/carin-bb/CodeSystem/C4BBAdjudication,priorpayerpaid,Prior payer paid,2,AUTHORITATIVE_MAPPING_PENDING
ExplanationOfBenefit,$.item[7].adjudication[8].category.coding[1],CMS_BLUE_BUTTON,https://bluebutton.cms.gov/fhir/CodeSystem/Adjudication,CLM_BENE_PRMRY_PYR_PD_AMT,Line Primary Payer Paid Amount,1,AUTHORITATIVE_MAPPING_PENDING
ExplanationOfBenefit,$.item[7].adjudication[8].category.coding[1],CMS_BLUE_BUTTON,https://bluebutton.cms.gov/fhir/CodeSystem/Adjudication,CLM_LINE_INSTNL_MSP2_PD_AMT,Revenue Center 2nd MSP Paid Amount,1,AUTHORITATIVE_MAPPING_PENDING
ExplanationOfBenefit,$.item[7].adjudication[9].category.coding[0],HL7_FHIR,http://hl7.org/fhir/us/carin-bb/CodeSystem/C4BBAdjudication,discount,Discount,1,AUTHORITATIVE_MAPPING_PENDING
ExplanationOfBenefit,$.item[7].adjudication[9].category.coding[0],CMS_BLUE_BUTTON,https://bluebutton.cms.gov/fhir/CodeSystem/Adjudication,CLM_LINE_BLOOD_DDCTBL_AMT,Blood Deductible Amount,1,AUTHORITATIVE_MAPPING_PENDING
ExplanationOfBenefit,$.item[7].adjudication[9].category.coding[1],CMS_BLUE_BUTTON,https://bluebutton.cms.gov/fhir/CodeSystem/Adjudication,CLM_LINE_DMERC_SCRN_SVGS_AMT,Screen Savings Amount,1,AUTHORITATIVE_MAPPING_PENDING
ExplanationOfBenefit,$.item[7].detail[0].productOrService.coding[0],HL7_FHIR,http://hl7.org/fhir/sid/ndc,00264180031,,1,AUTHORITATIVE_MAPPING_PENDING
ExplanationOfBenefit,$.item[7].detail[0].productOrService.coding[0],HL7_FHIR,http://hl7.org/fhir/sid/ndc,338004904,,1,AUTHORITATIVE_MAPPING_PENDING
ExplanationOfBenefit,$.item[7].detail[0].quantity,EXTERNAL_OR_UNKNOWN,http://unitsofmeasure.org,mL,,1,AUTHORITATIVE_MAPPING_PENDING
ExplanationOfBenefit,$.item[7].extension[0].valueCoding,CMS_BLUE_BUTTON,https://bluebutton.cms.gov/fhir/CodeSystem/CLM-OTAF-ONE-IND-CD,N,,1,AUTHORITATIVE_MAPPING_PENDING
ExplanationOfBenefit,$.item[7].extension[0].valueCoding,CMS_BLUE_BUTTON,https://bluebutton.cms.gov/fhir/CodeSystem/CLM-PRVDR-TYPE-CD,5,INSTITUTIONAL PROVIDERS AND INDEPENDENT LABORATORIES FOR WHOM EMPLOYER ID NUMBERS ARE USED IN CODING THE ID FIELD.,1,AUTHORITATIVE_MAPPING_PENDING
ExplanationOfBenefit,$.item[7].extension[1].valueCoding,CMS_BLUE_BUTTON,https://bluebutton.cms.gov/fhir/CodeSystem/CLM-PMT-80-100-CD,3,100% Limitation of liability only,1,AUTHORITATIVE_MAPPING_PENDING
ExplanationOfBenefit,$.item[7].extension[1].valueCoding,CMS_BLUE_BUTTON,https://bluebutton.cms.gov/fhir/CodeSystem/CLM-REV-CNTR-STUS-CD,A,,1,AUTHORITATIVE_MAPPING_PENDING
ExplanationOfBenefit,$.item[7].extension[2].valueCoding,CMS_BLUE_BUTTON,https://bluebutton.cms.gov/fhir/CodeSystem/CLM-REV-DSCNT-IND-CD,4,,1,AUTHORITATIVE_MAPPING_PENDING
ExplanationOfBenefit,$.item[7].extension[2].valueCoding,CMS_BLUE_BUTTON,https://bluebutton.cms.gov/fhir/CodeSystem/CLM-SRVC-DDCTBL-SW,0,Service Subject to Deductible,1,AUTHORITATIVE_MAPPING_PENDING
ExplanationOfBenefit,$.item[7].extension[3].valueCoding,CMS_BLUE_BUTTON,https://bluebutton.cms.gov/fhir/CodeSystem/CLM-MTUS-IND-CD,1,TRANSPORTATION (AMBULANCE) MILES,1,AUTHORITATIVE_MAPPING_PENDING
ExplanationOfBenefit,$.item[7].extension[3].valueCoding,CMS_BLUE_BUTTON,https://bluebutton.cms.gov/fhir/CodeSystem/CLM-REV-PACKG-IND-CD,2,ARTIFICIAL CHARGES FOR SURGICAL PROCEDURE (EFF. 7/2004),1,AUTHORITATIVE_MAPPING_PENDING
ExplanationOfBenefit,$.item[7].extension[4].valueCoding,CMS_BLUE_BUTTON,https://bluebutton.cms.gov/fhir/CodeSystem/CLM-PHYSN-ASTNT-CD,0,N/A,1,AUTHORITATIVE_MAPPING_PENDING
ExplanationOfBenefit,$.item[7].extension[4].valueCoding,CMS_BLUE_BUTTON,https://bluebutton.cms.gov/fhir/CodeSystem/CLM-REV-PMT-MTHD-CD,3,,1,AUTHORITATIVE_MAPPING_PENDING
ExplanationOfBenefit,$.item[7].extension[5].valueCoding,CMS_BLUE_BUTTON,https://bluebutton.cms.gov/fhir/CodeSystem/CLM-PRCSG-IND-CD,Y,MSP cost avoided â€” IRS/SSA data match project,1,AUTHORITATIVE_MAPPING_PENDING
ExplanationOfBenefit,$.item[7].extension[6].valueCoding,CMS_BLUE_BUTTON,https://bluebutton.cms.gov/fhir/CodeSystem/CLM-PRVDR-TYPE-CD,31,PHYSICAL THERAPIST,1,AUTHORITATIVE_MAPPING_PENDING
ExplanationOfBenefit,$.item[7].locationCodeableConcept.coding[0],CMS,https://www.cms.gov/Medicare/Coding/place-of-service-codes/Place_of_Service_Code_Set,12,Home,1,AUTHORITATIVE_MAPPING_PENDING
ExplanationOfBenefit,$.item[7].modifier[0].coding[0],AMA_CPT,http://www.ama-assn.org/go/cpt,28,,1,AUTHORITATIVE_MAPPING_PENDING
ExplanationOfBenefit,$.item[7].modifier[0].coding[0],CMS,https://www.cms.gov/Medicare/Coding/HCPCSReleaseCodeSets,US,,1,AUTHORITATIVE_MAPPING_PENDING
ExplanationOfBenefit,$.item[7].modifier[0].coding[1],AMA_CPT,http://www.ama-assn.org/go/cpt,28,,1,AUTHORITATIVE_MAPPING_PENDING
ExplanationOfBenefit,$.item[7].modifier[0].coding[2],AMA_CPT,http://www.ama-assn.org/go/cpt,23,,1,AUTHORITATIVE_MAPPING_PENDING
ExplanationOfBenefit,$.item[7].modifier[0].coding[3],AMA_CPT,http://www.ama-assn.org/go/cpt,32,,1,AUTHORITATIVE_MAPPING_PENDING
ExplanationOfBenefit,$.item[7].productOrService.coding[0],AMA_CPT,http://www.ama-assn.org/go/cpt,99213,,1,AUTHORITATIVE_MAPPING_PENDING
ExplanationOfBenefit,$.item[7].productOrService.coding[0],CMS,https://www.cms.gov/Medicare/Coding/HCPCSReleaseCodeSets,J2270,,1,AUTHORITATIVE_MAPPING_PENDING
ExplanationOfBenefit,$.item[7].revenue.coding[0],CMS_BLUE_BUTTON,https://bluebutton.cms.gov/fhir/CodeSystem/CLM-REV-CNTR-CD,0732,EKG/ECG (ELECTROCARDIOGRAM) - TELEMETRY,1,AUTHORITATIVE_MAPPING_PENDING
ExplanationOfBenefit,$.item[7].revenue.coding[1],EXTERNAL_OR_UNKNOWN,https://www.nubc.org/CodeSystem/RevenueCodes,0732,,1,AUTHORITATIVE_MAPPING_PENDING
ExplanationOfBenefit,$.item[7].revenue.coding[2],CMS_BLUE_BUTTON,https://bluebutton.cms.gov/fhir/CodeSystem/CLM-DDCTBL-COINSRNC-CD,0,Charges are subject to deductible and coinsurance,1,AUTHORITATIVE_MAPPING_PENDING
ExplanationOfBenefit,$.item[8].adjudication[0].category.coding[0],HL7_FHIR,http://hl7.org/fhir/us/carin-bb/CodeSystem/C4BBAdjudication,coinsurance,Co-insurance,1,AUTHORITATIVE_MAPPING_PENDING
ExplanationOfBenefit,$.item[8].adjudication[0].category.coding[0],HL7_TERMINOLOGY,http://terminology.hl7.org/CodeSystem/adjudication,deductible,Deductible,1,AUTHORITATIVE_MAPPING_PENDING
ExplanationOfBenefit,$.item[8].adjudication[0].category.coding[1],CMS_BLUE_BUTTON,https://bluebutton.cms.gov/fhir/CodeSystem/Adjudication,CLM_LINE_MDCR_COINSRNC_AMT,Coinsurance Amount,1,AUTHORITATIVE_MAPPING_PENDING
ExplanationOfBenefit,$.item[8].adjudication[0].category.coding[1],CMS_BLUE_BUTTON,https://bluebutton.cms.gov/fhir/CodeSystem/Adjudication,CLM_LINE_MDCR_DDCTBL_AMT,Cash Deductible Amount,1,AUTHORITATIVE_MAPPING_PENDING
ExplanationOfBenefit,$.item[8].adjudication[10].category.coding[0],CMS_BLUE_BUTTON,https://bluebutton.cms.gov/fhir/CodeSystem/Adjudication,CLM_LINE_INSTNL_ADJSTD_AMT,Revenue Center Coinsurance/Wage Adjusted Coinsurance Amount,1,AUTHORITATIVE_MAPPING_PENDING
ExplanationOfBenefit,$.item[8].adjudication[10].category.coding[0],CMS_BLUE_BUTTON,https://bluebutton.cms.gov/fhir/CodeSystem/Adjudication,CLM_LINE_PRFNL_INTRST_AMT,Professional Interest Amount,1,AUTHORITATIVE_MAPPING_PENDING
ExplanationOfBenefit,$.item[8].adjudication[11].category.coding[0],CMS_BLUE_BUTTON,https://bluebutton.cms.gov/fhir/CodeSystem/Adjudication,CLM_LINE_INSTNL_RDCD_AMT,Revenue Center Reduced Coinsurance Amount,1,AUTHORITATIVE_MAPPING_PENDING
ExplanationOfBenefit,$.item[8].adjudication[11].category.coding[0],CMS_BLUE_BUTTON,https://bluebutton.cms.gov/fhir/CodeSystem/Adjudication,CLM_MDCR_PRMRY_PYR_ALOWD_AMT,Line Primary Payer Allowed Amount,1,AUTHORITATIVE_MAPPING_PENDING
ExplanationOfBenefit,$.item[8].adjudication[12].category.coding[0],CMS_BLUE_BUTTON,https://bluebutton.cms.gov/fhir/CodeSystem/Adjudication,CLM_LINE_CARR_PSYCH_OT_LMT_AMT,Therapy Amount Applied to Limit,1,AUTHORITATIVE_MAPPING_PENDING
ExplanationOfBenefit,$.item[8].adjudication[12].category.coding[0],CMS_BLUE_BUTTON,https://bluebutton.cms.gov/fhir/CodeSystem/Adjudication,CLM_LINE_INSTNL_RATE_AMT,Revenue Center Rate Amount,1,AUTHORITATIVE_MAPPING_PENDING
ExplanationOfBenefit,$.item[8].adjudication[13].category.coding[0],CMS_BLUE_BUTTON,https://bluebutton.cms.gov/fhir/CodeSystem/Adjudication,CLM_LINE_ADD_ON_PYMT_AMT,Add On Payment Amount,1,AUTHORITATIVE_MAPPING_PENDING
ExplanationOfBenefit,$.item[8].adjudication[13].category.coding[0],CMS_BLUE_BUTTON,https://bluebutton.cms.gov/fhir/CodeSystem/Adjudication,CLM_LINE_PRFNL_DME_PRICE_AMT,Purchase Price Amount,1,AUTHORITATIVE_MAPPING_PENDING
ExplanationOfBenefit,$.item[8].adjudication[14].category.coding[0],CMS_BLUE_BUTTON,https://bluebutton.cms.gov/fhir/CodeSystem/Adjudication,CLM_REV_CNTR_TDAPA_AMT,Transitional Drug Add-On Payment Adjustment,1,AUTHORITATIVE_MAPPING_PENDING
ExplanationOfBenefit,$.item[8].adjudication[1].category.coding[0],HL7_FHIR,http://hl7.org/fhir/us/carin-bb/CodeSystem/C4BBAdjudication,paidtopatient,Paid to patient,1,AUTHORITATIVE_MAPPING_PENDING
ExplanationOfBenefit,$.item[8].adjudication[1].category.coding[0],HL7_TERMINOLOGY,http://terminology.hl7.org/CodeSystem/adjudication,eligible,Eligible Amount,1,AUTHORITATIVE_MAPPING_PENDING
ExplanationOfBenefit,$.item[8].adjudication[1].category.coding[1],CMS_BLUE_BUTTON,https://bluebutton.cms.gov/fhir/CodeSystem/Adjudication,CLM_LINE_ALOWD_CHRG_AMT,Line Allowed Charge Amount,1,AUTHORITATIVE_MAPPING_PENDING
ExplanationOfBenefit,$.item[8].adjudication[1].category.coding[1],CMS_BLUE_BUTTON,https://bluebutton.cms.gov/fhir/CodeSystem/Adjudication,CLM_LINE_BENE_PD_AMT,Payment Amount to Beneficiary,1,AUTHORITATIVE_MAPPING_PENDING
ExplanationOfBenefit,$.item[8].adjudication[2].category.coding[0],HL7_FHIR,http://hl7.org/fhir/us/carin-bb/CodeSystem/C4BBAdjudication,paidbypatient,Paid by patient,1,AUTHORITATIVE_MAPPING_PENDING
ExplanationOfBenefit,$.item[8].adjudication[2].category.coding[0],HL7_TERMINOLOGY,http://terminology.hl7.org/CodeSystem/adjudication,deductible,Deductible,1,AUTHORITATIVE_MAPPING_PENDING
ExplanationOfBenefit,$.item[8].adjudication[2].category.coding[1],CMS_BLUE_BUTTON,https://bluebutton.cms.gov/fhir/CodeSystem/Adjudication,CLM_LINE_BENE_PMT_AMT,Line Paid By Beneficiary Amount,1,AUTHORITATIVE_MAPPING_PENDING
ExplanationOfBenefit,$.item[8].adjudication[2].category.coding[1],CMS_BLUE_BUTTON,https://bluebutton.cms.gov/fhir/CodeSystem/Adjudication,CLM_LINE_MDCR_DDCTBL_AMT,Cash Deductible Amount,1,AUTHORITATIVE_MAPPING_PENDING
ExplanationOfBenefit,$.item[8].adjudication[3].category.coding[0],HL7_FHIR,http://hl7.org/fhir/us/carin-bb/CodeSystem/C4BBAdjudication,noncovered,Noncovered,1,AUTHORITATIVE_MAPPING_PENDING
ExplanationOfBenefit,$.item[8].adjudication[3].category.coding[0],HL7_FHIR,http://hl7.org/fhir/us/carin-bb/CodeSystem/C4BBAdjudication,paidtopatient,Paid to patient,1,AUTHORITATIVE_MAPPING_PENDING
ExplanationOfBenefit,$.item[8].adjudication[3].category.coding[1],CMS_BLUE_BUTTON,https://bluebutton.cms.gov/fhir/CodeSystem/Adjudication,CLM_LINE_BENE_PD_AMT,Payment Amount to Beneficiary,1,AUTHORITATIVE_MAPPING_PENDING
ExplanationOfBenefit,$.item[8].adjudication[3].category.coding[1],CMS_BLUE_BUTTON,https://bluebutton.cms.gov/fhir/CodeSystem/Adjudication,CLM_LINE_NCVRD_CHRG_AMT,Non-Covered Charge Amount,1,AUTHORITATIVE_MAPPING_PENDING
ExplanationOfBenefit,$.item[8].adjudication[4].category.coding[0],HL7_FHIR,http://hl7.org/fhir/us/carin-bb/CodeSystem/C4BBAdjudication,paidtoprovider,Paid to provider,2,AUTHORITATIVE_MAPPING_PENDING
ExplanationOfBenefit,$.item[8].adjudication[4].category.coding[1],CMS_BLUE_BUTTON,https://bluebutton.cms.gov/fhir/CodeSystem/Adjudication,CLM_LINE_PRVDR_PMT_AMT,Line Provider Payment Amount,2,AUTHORITATIVE_MAPPING_PENDING
ExplanationOfBenefit,$.item[8].adjudication[5].category.coding[0],HL7_TERMINOLOGY,http://terminology.hl7.org/CodeSystem/adjudication,benefit,Benefit Amount,2,AUTHORITATIVE_MAPPING_PENDING
ExplanationOfBenefit,$.item[8].adjudication[5].category.coding[1],CMS_BLUE_BUTTON,https://bluebutton.cms.gov/fhir/CodeSystem/Adjudication,CLM_LINE_CVRD_PD_AMT,Payment Amount,2,AUTHORITATIVE_MAPPING_PENDING
ExplanationOfBenefit,$.item[8].adjudication[6].category.coding[0],HL7_TERMINOLOGY,http://terminology.hl7.org/CodeSystem/adjudication,submitted,Submitted Amount,2,AUTHORITATIVE_MAPPING_PENDING
ExplanationOfBenefit,$.item[8].adjudication[6].category.coding[1],CMS_BLUE_BUTTON,https://bluebutton.cms.gov/fhir/CodeSystem/Adjudication,CLM_LINE_SBMT_CHRG_AMT,Line Submitted Charge Amount,2,AUTHORITATIVE_MAPPING_PENDING
ExplanationOfBenefit,$.item[8].adjudication[7].category.coding[0],HL7_FHIR,http://hl7.org/fhir/us/carin-bb/CodeSystem/C4BBAdjudication,priorpayerpaid,Prior payer paid,1,AUTHORITATIVE_MAPPING_PENDING
ExplanationOfBenefit,$.item[8].adjudication[7].category.coding[0],HL7_FHIR,http://hl7.org/fhir/us/carin-bb/CodeSystem/C4BBAdjudicationDiscriminator,benefitpaymentstatus,Benefit Payment Status,1,AUTHORITATIVE_MAPPING_PENDING
ExplanationOfBenefit,$.item[8].adjudication[7].category.coding[1],CMS_BLUE_BUTTON,https://bluebutton.cms.gov/fhir/CodeSystem/Adjudication,CLM_LINE_INSTNL_MSP1_PD_AMT,Revenue Center 1st MSP Paid Amount,1,AUTHORITATIVE_MAPPING_PENDING
ExplanationOfBenefit,$.item[8].adjudication[7].reason.coding[0],HL7_FHIR,http://hl7.org/fhir/us/carin-bb/CodeSystem/C4BBPayerAdjudicationStatus,other,Other,1,AUTHORITATIVE_MAPPING_PENDING
ExplanationOfBenefit,$.item[8].adjudication[8].category.coding[0],HL7_FHIR,http://hl7.org/fhir/us/carin-bb/CodeSystem/C4BBAdjudication,priorpayerpaid,Prior payer paid,2,AUTHORITATIVE_MAPPING_PENDING
ExplanationOfBenefit,$.item[8].adjudication[8].category.coding[1],CMS_BLUE_BUTTON,https://bluebutton.cms.gov/fhir/CodeSystem/Adjudication,CLM_BENE_PRMRY_PYR_PD_AMT,Line Primary Payer Paid Amount,1,AUTHORITATIVE_MAPPING_PENDING
ExplanationOfBenefit,$.item[8].adjudication[8].category.coding[1],CMS_BLUE_BUTTON,https://bluebutton.cms.gov/fhir/CodeSystem/Adjudication,CLM_LINE_INSTNL_MSP2_PD_AMT,Revenue Center 2nd MSP Paid Amount,1,AUTHORITATIVE_MAPPING_PENDING
ExplanationOfBenefit,$.item[8].adjudication[9].category.coding[0],HL7_FHIR,http://hl7.org/fhir/us/carin-bb/CodeSystem/C4BBAdjudication,discount,Discount,1,AUTHORITATIVE_MAPPING_PENDING
ExplanationOfBenefit,$.item[8].adjudication[9].category.coding[0],CMS_BLUE_BUTTON,https://bluebutton.cms.gov/fhir/CodeSystem/Adjudication,CLM_LINE_BLOOD_DDCTBL_AMT,Blood Deductible Amount,1,AUTHORITATIVE_MAPPING_PENDING
ExplanationOfBenefit,$.item[8].adjudication[9].category.coding[1],CMS_BLUE_BUTTON,https://bluebutton.cms.gov/fhir/CodeSystem/Adjudication,CLM_LINE_DMERC_SCRN_SVGS_AMT,Screen Savings Amount,1,AUTHORITATIVE_MAPPING_PENDING
ExplanationOfBenefit,$.item[8].extension[0].valueCoding,CMS_BLUE_BUTTON,https://bluebutton.cms.gov/fhir/CodeSystem/CLM-OTAF-ONE-IND-CD,N,,1,AUTHORITATIVE_MAPPING_PENDING
ExplanationOfBenefit,$.item[8].extension[0].valueCoding,CMS_BLUE_BUTTON,https://bluebutton.cms.gov/fhir/CodeSystem/CLM-PRVDR-TYPE-CD,5,INSTITUTIONAL PROVIDERS AND INDEPENDENT LABORATORIES FOR WHOM EMPLOYER ID NUMBERS ARE USED IN CODING THE ID FIELD.,1,AUTHORITATIVE_MAPPING_PENDING
ExplanationOfBenefit,$.item[8].extension[1].valueCoding,CMS_BLUE_BUTTON,https://bluebutton.cms.gov/fhir/CodeSystem/CLM-PMT-80-100-CD,3,100% Limitation of liability only,1,AUTHORITATIVE_MAPPING_PENDING
ExplanationOfBenefit,$.item[8].extension[1].valueCoding,CMS_BLUE_BUTTON,https://bluebutton.cms.gov/fhir/CodeSystem/CLM-REV-CNTR-STUS-CD,C,,1,AUTHORITATIVE_MAPPING_PENDING
ExplanationOfBenefit,$.item[8].extension[2].valueCoding,CMS_BLUE_BUTTON,https://bluebutton.cms.gov/fhir/CodeSystem/CLM-REV-DSCNT-IND-CD,4,,1,AUTHORITATIVE_MAPPING_PENDING
ExplanationOfBenefit,$.item[8].extension[2].valueCoding,CMS_BLUE_BUTTON,https://bluebutton.cms.gov/fhir/CodeSystem/CLM-SRVC-DDCTBL-SW,1,Service Not Subject to Deductible,1,AUTHORITATIVE_MAPPING_PENDING
ExplanationOfBenefit,$.item[8].extension[3].valueCoding,CMS_BLUE_BUTTON,https://bluebutton.cms.gov/fhir/CodeSystem/CLM-MTUS-IND-CD,0,VALUES REPORTED AS ZERO,1,AUTHORITATIVE_MAPPING_PENDING
ExplanationOfBenefit,$.item[8].extension[3].valueCoding,CMS_BLUE_BUTTON,https://bluebutton.cms.gov/fhir/CodeSystem/CLM-REV-PACKG-IND-CD,2,ARTIFICIAL CHARGES FOR SURGICAL PROCEDURE (EFF. 7/2004),1,AUTHORITATIVE_MAPPING_PENDING
ExplanationOfBenefit,$.item[8].extension[4].valueCoding,CMS_BLUE_BUTTON,https://bluebutton.cms.gov/fhir/CodeSystem/CLM-PHYSN-ASTNT-CD,2,75% of payment. Either physician assistants performing services in a hospital (other than assisting surgery) or nurse practitioners/clinical nurse specialist performing services in rural areas or clinical social worker services,1,AUTHORITATIVE_MAPPING_PENDING
ExplanationOfBenefit,$.item[8].extension[4].valueCoding,CMS_BLUE_BUTTON,https://bluebutton.cms.gov/fhir/CodeSystem/CLM-REV-PMT-MTHD-CD,1,,1,AUTHORITATIVE_MAPPING_PENDING
ExplanationOfBenefit,$.item[8].extension[5].valueCoding,CMS_BLUE_BUTTON,https://bluebutton.cms.gov/fhir/CodeSystem/CLM-PRCSG-IND-CD,B,Benefits exhausted,1,AUTHORITATIVE_MAPPING_PENDING
ExplanationOfBenefit,$.item[8].extension[6].valueCoding,CMS_BLUE_BUTTON,https://bluebutton.cms.gov/fhir/CodeSystem/CLM-PRVDR-TYPE-CD,51,FREESTANDING CARDIAC CATH LAB,1,AUTHORITATIVE_MAPPING_PENDING
ExplanationOfBenefit,$.item[8].locationCodeableConcept.coding[0],CMS,https://www.cms.gov/Medicare/Coding/place-of-service-codes/Place_of_Service_Code_Set,90,Unassigned,1,AUTHORITATIVE_MAPPING_PENDING
ExplanationOfBenefit,$.item[8].modifier[0].coding[0],AMA_CPT,http://www.ama-assn.org/go/cpt,32,,1,AUTHORITATIVE_MAPPING_PENDING
ExplanationOfBenefit,$.item[8].productOrService.coding[0],AMA_CPT,http://www.ama-assn.org/go/cpt,99213,,1,AUTHORITATIVE_MAPPING_PENDING
ExplanationOfBenefit,$.item[8].productOrService.coding[0],AMA_CPT,http://www.ama-assn.org/go/cpt,99453,,1,AUTHORITATIVE_MAPPING_PENDING
ExplanationOfBenefit,$.item[8].revenue.coding[0],CMS_BLUE_BUTTON,https://bluebutton.cms.gov/fhir/CodeSystem/CLM-REV-CNTR-CD,0264,IV THERAPY - IV THERAPY/SUPPLIES,1,AUTHORITATIVE_MAPPING_PENDING
ExplanationOfBenefit,$.item[8].revenue.coding[1],EXTERNAL_OR_UNKNOWN,https://www.nubc.org/CodeSystem/RevenueCodes,0264,,1,AUTHORITATIVE_MAPPING_PENDING
ExplanationOfBenefit,$.item[8].revenue.coding[2],CMS_BLUE_BUTTON,https://bluebutton.cms.gov/fhir/CodeSystem/CLM-DDCTBL-COINSRNC-CD,3,Charges are not subject to deductible or coinsurance,1,AUTHORITATIVE_MAPPING_PENDING
ExplanationOfBenefit,$.item[9].adjudication[0].category.coding[0],HL7_FHIR,http://hl7.org/fhir/us/carin-bb/CodeSystem/C4BBAdjudication,coinsurance,Co-insurance,1,AUTHORITATIVE_MAPPING_PENDING
ExplanationOfBenefit,$.item[9].adjudication[0].category.coding[0],HL7_TERMINOLOGY,http://terminology.hl7.org/CodeSystem/adjudication,deductible,Deductible,1,AUTHORITATIVE_MAPPING_PENDING
ExplanationOfBenefit,$.item[9].adjudication[0].category.coding[1],CMS_BLUE_BUTTON,https://bluebutton.cms.gov/fhir/CodeSystem/Adjudication,CLM_LINE_MDCR_COINSRNC_AMT,Coinsurance Amount,1,AUTHORITATIVE_MAPPING_PENDING
ExplanationOfBenefit,$.item[9].adjudication[0].category.coding[1],CMS_BLUE_BUTTON,https://bluebutton.cms.gov/fhir/CodeSystem/Adjudication,CLM_LINE_MDCR_DDCTBL_AMT,Cash Deductible Amount,1,AUTHORITATIVE_MAPPING_PENDING
ExplanationOfBenefit,$.item[9].adjudication[10].category.coding[0],CMS_BLUE_BUTTON,https://bluebutton.cms.gov/fhir/CodeSystem/Adjudication,CLM_LINE_INSTNL_ADJSTD_AMT,Revenue Center Coinsurance/Wage Adjusted Coinsurance Amount,1,AUTHORITATIVE_MAPPING_PENDING
ExplanationOfBenefit,$.item[9].adjudication[10].category.coding[0],CMS_BLUE_BUTTON,https://bluebutton.cms.gov/fhir/CodeSystem/Adjudication,CLM_LINE_PRFNL_INTRST_AMT,Professional Interest Amount,1,AUTHORITATIVE_MAPPING_PENDING
ExplanationOfBenefit,$.item[9].adjudication[11].category.coding[0],CMS_BLUE_BUTTON,https://bluebutton.cms.gov/fhir/CodeSystem/Adjudication,CLM_LINE_INSTNL_RDCD_AMT,Revenue Center Reduced Coinsurance Amount,1,AUTHORITATIVE_MAPPING_PENDING
ExplanationOfBenefit,$.item[9].adjudication[11].category.coding[0],CMS_BLUE_BUTTON,https://bluebutton.cms.gov/fhir/CodeSystem/Adjudication,CLM_MDCR_PRMRY_PYR_ALOWD_AMT,Line Primary Payer Allowed Amount,1,AUTHORITATIVE_MAPPING_PENDING
ExplanationOfBenefit,$.item[9].adjudication[12].category.coding[0],CMS_BLUE_BUTTON,https://bluebutton.cms.gov/fhir/CodeSystem/Adjudication,CLM_LINE_CARR_PSYCH_OT_LMT_AMT,Therapy Amount Applied to Limit,1,AUTHORITATIVE_MAPPING_PENDING
ExplanationOfBenefit,$.item[9].adjudication[12].category.coding[0],CMS_BLUE_BUTTON,https://bluebutton.cms.gov/fhir/CodeSystem/Adjudication,CLM_LINE_INSTNL_RATE_AMT,Revenue Center Rate Amount,1,AUTHORITATIVE_MAPPING_PENDING
ExplanationOfBenefit,$.item[9].adjudication[13].category.coding[0],CMS_BLUE_BUTTON,https://bluebutton.cms.gov/fhir/CodeSystem/Adjudication,CLM_LINE_ADD_ON_PYMT_AMT,Add On Payment Amount,1,AUTHORITATIVE_MAPPING_PENDING
ExplanationOfBenefit,$.item[9].adjudication[13].category.coding[0],CMS_BLUE_BUTTON,https://bluebutton.cms.gov/fhir/CodeSystem/Adjudication,CLM_LINE_PRFNL_DME_PRICE_AMT,Purchase Price Amount,1,AUTHORITATIVE_MAPPING_PENDING
ExplanationOfBenefit,$.item[9].adjudication[14].category.coding[0],CMS_BLUE_BUTTON,https://bluebutton.cms.gov/fhir/CodeSystem/Adjudication,CLM_REV_CNTR_TDAPA_AMT,Transitional Drug Add-On Payment Adjustment,1,AUTHORITATIVE_MAPPING_PENDING
ExplanationOfBenefit,$.item[9].adjudication[1].category.coding[0],HL7_FHIR,http://hl7.org/fhir/us/carin-bb/CodeSystem/C4BBAdjudication,paidtopatient,Paid to patient,1,AUTHORITATIVE_MAPPING_PENDING
ExplanationOfBenefit,$.item[9].adjudication[1].category.coding[0],HL7_TERMINOLOGY,http://terminology.hl7.org/CodeSystem/adjudication,eligible,Eligible Amount,1,AUTHORITATIVE_MAPPING_PENDING
ExplanationOfBenefit,$.item[9].adjudication[1].category.coding[1],CMS_BLUE_BUTTON,https://bluebutton.cms.gov/fhir/CodeSystem/Adjudication,CLM_LINE_ALOWD_CHRG_AMT,Line Allowed Charge Amount,1,AUTHORITATIVE_MAPPING_PENDING
ExplanationOfBenefit,$.item[9].adjudication[1].category.coding[1],CMS_BLUE_BUTTON,https://bluebutton.cms.gov/fhir/CodeSystem/Adjudication,CLM_LINE_BENE_PD_AMT,Payment Amount to Beneficiary,1,AUTHORITATIVE_MAPPING_PENDING
ExplanationOfBenefit,$.item[9].adjudication[2].category.coding[0],HL7_FHIR,http://hl7.org/fhir/us/carin-bb/CodeSystem/C4BBAdjudication,paidbypatient,Paid by patient,1,AUTHORITATIVE_MAPPING_PENDING
ExplanationOfBenefit,$.item[9].adjudication[2].category.coding[0],HL7_TERMINOLOGY,http://terminology.hl7.org/CodeSystem/adjudication,deductible,Deductible,1,AUTHORITATIVE_MAPPING_PENDING
ExplanationOfBenefit,$.item[9].adjudication[2].category.coding[1],CMS_BLUE_BUTTON,https://bluebutton.cms.gov/fhir/CodeSystem/Adjudication,CLM_LINE_BENE_PMT_AMT,Line Paid By Beneficiary Amount,1,AUTHORITATIVE_MAPPING_PENDING
ExplanationOfBenefit,$.item[9].adjudication[2].category.coding[1],CMS_BLUE_BUTTON,https://bluebutton.cms.gov/fhir/CodeSystem/Adjudication,CLM_LINE_MDCR_DDCTBL_AMT,Cash Deductible Amount,1,AUTHORITATIVE_MAPPING_PENDING
ExplanationOfBenefit,$.item[9].adjudication[3].category.coding[0],HL7_FHIR,http://hl7.org/fhir/us/carin-bb/CodeSystem/C4BBAdjudication,noncovered,Noncovered,1,AUTHORITATIVE_MAPPING_PENDING
ExplanationOfBenefit,$.item[9].adjudication[3].category.coding[0],HL7_FHIR,http://hl7.org/fhir/us/carin-bb/CodeSystem/C4BBAdjudication,paidtopatient,Paid to patient,1,AUTHORITATIVE_MAPPING_PENDING
ExplanationOfBenefit,$.item[9].adjudication[3].category.coding[1],CMS_BLUE_BUTTON,https://bluebutton.cms.gov/fhir/CodeSystem/Adjudication,CLM_LINE_BENE_PD_AMT,Payment Amount to Beneficiary,1,AUTHORITATIVE_MAPPING_PENDING
ExplanationOfBenefit,$.item[9].adjudication[3].category.coding[1],CMS_BLUE_BUTTON,https://bluebutton.cms.gov/fhir/CodeSystem/Adjudication,CLM_LINE_NCVRD_CHRG_AMT,Non-Covered Charge Amount,1,AUTHORITATIVE_MAPPING_PENDING
ExplanationOfBenefit,$.item[9].adjudication[4].category.coding[0],HL7_FHIR,http://hl7.org/fhir/us/carin-bb/CodeSystem/C4BBAdjudication,paidtoprovider,Paid to provider,2,AUTHORITATIVE_MAPPING_PENDING
ExplanationOfBenefit,$.item[9].adjudication[4].category.coding[1],CMS_BLUE_BUTTON,https://bluebutton.cms.gov/fhir/CodeSystem/Adjudication,CLM_LINE_PRVDR_PMT_AMT,Line Provider Payment Amount,2,AUTHORITATIVE_MAPPING_PENDING
ExplanationOfBenefit,$.item[9].adjudication[5].category.coding[0],HL7_TERMINOLOGY,http://terminology.hl7.org/CodeSystem/adjudication,benefit,Benefit Amount,2,AUTHORITATIVE_MAPPING_PENDING
ExplanationOfBenefit,$.item[9].adjudication[5].category.coding[1],CMS_BLUE_BUTTON,https://bluebutton.cms.gov/fhir/CodeSystem/Adjudication,CLM_LINE_CVRD_PD_AMT,Payment Amount,2,AUTHORITATIVE_MAPPING_PENDING
ExplanationOfBenefit,$.item[9].adjudication[6].category.coding[0],HL7_TERMINOLOGY,http://terminology.hl7.org/CodeSystem/adjudication,submitted,Submitted Amount,2,AUTHORITATIVE_MAPPING_PENDING
ExplanationOfBenefit,$.item[9].adjudication[6].category.coding[1],CMS_BLUE_BUTTON,https://bluebutton.cms.gov/fhir/CodeSystem/Adjudication,CLM_LINE_SBMT_CHRG_AMT,Line Submitted Charge Amount,2,AUTHORITATIVE_MAPPING_PENDING
ExplanationOfBenefit,$.item[9].adjudication[7].category.coding[0],HL7_FHIR,http://hl7.org/fhir/us/carin-bb/CodeSystem/C4BBAdjudication,priorpayerpaid,Prior payer paid,1,AUTHORITATIVE_MAPPING_PENDING
ExplanationOfBenefit,$.item[9].adjudication[7].category.coding[0],HL7_FHIR,http://hl7.org/fhir/us/carin-bb/CodeSystem/C4BBAdjudicationDiscriminator,benefitpaymentstatus,Benefit Payment Status,1,AUTHORITATIVE_MAPPING_PENDING
ExplanationOfBenefit,$.item[9].adjudication[7].category.coding[1],CMS_BLUE_BUTTON,https://bluebutton.cms.gov/fhir/CodeSystem/Adjudication,CLM_LINE_INSTNL_MSP1_PD_AMT,Revenue Center 1st MSP Paid Amount,1,AUTHORITATIVE_MAPPING_PENDING
ExplanationOfBenefit,$.item[9].adjudication[7].reason.coding[0],HL7_FHIR,http://hl7.org/fhir/us/carin-bb/CodeSystem/C4BBPayerAdjudicationStatus,other,Other,1,AUTHORITATIVE_MAPPING_PENDING
ExplanationOfBenefit,$.item[9].adjudication[8].category.coding[0],HL7_FHIR,http://hl7.org/fhir/us/carin-bb/CodeSystem/C4BBAdjudication,priorpayerpaid,Prior payer paid,2,AUTHORITATIVE_MAPPING_PENDING
ExplanationOfBenefit,$.item[9].adjudication[8].category.coding[1],CMS_BLUE_BUTTON,https://bluebutton.cms.gov/fhir/CodeSystem/Adjudication,CLM_BENE_PRMRY_PYR_PD_AMT,Line Primary Payer Paid Amount,1,AUTHORITATIVE_MAPPING_PENDING
ExplanationOfBenefit,$.item[9].adjudication[8].category.coding[1],CMS_BLUE_BUTTON,https://bluebutton.cms.gov/fhir/CodeSystem/Adjudication,CLM_LINE_INSTNL_MSP2_PD_AMT,Revenue Center 2nd MSP Paid Amount,1,AUTHORITATIVE_MAPPING_PENDING
ExplanationOfBenefit,$.item[9].adjudication[9].category.coding[0],HL7_FHIR,http://hl7.org/fhir/us/carin-bb/CodeSystem/C4BBAdjudication,discount,Discount,1,AUTHORITATIVE_MAPPING_PENDING
ExplanationOfBenefit,$.item[9].adjudication[9].category.coding[0],CMS_BLUE_BUTTON,https://bluebutton.cms.gov/fhir/CodeSystem/Adjudication,CLM_LINE_BLOOD_DDCTBL_AMT,Blood Deductible Amount,1,AUTHORITATIVE_MAPPING_PENDING
ExplanationOfBenefit,$.item[9].adjudication[9].category.coding[1],CMS_BLUE_BUTTON,https://bluebutton.cms.gov/fhir/CodeSystem/Adjudication,CLM_LINE_DMERC_SCRN_SVGS_AMT,Screen Savings Amount,1,AUTHORITATIVE_MAPPING_PENDING
ExplanationOfBenefit,$.item[9].extension[0].valueCoding,CMS_BLUE_BUTTON,https://bluebutton.cms.gov/fhir/CodeSystem/CLM-OTAF-ONE-IND-CD,N,,1,AUTHORITATIVE_MAPPING_PENDING
ExplanationOfBenefit,$.item[9].extension[0].valueCoding,CMS_BLUE_BUTTON,https://bluebutton.cms.gov/fhir/CodeSystem/CLM-PRVDR-TYPE-CD,5,INSTITUTIONAL PROVIDERS AND INDEPENDENT LABORATORIES FOR WHOM EMPLOYER ID NUMBERS ARE USED IN CODING THE ID FIELD.,1,AUTHORITATIVE_MAPPING_PENDING
ExplanationOfBenefit,$.item[9].extension[1].valueCoding,CMS_BLUE_BUTTON,https://bluebutton.cms.gov/fhir/CodeSystem/CLM-PMT-80-100-CD,1,100%,1,AUTHORITATIVE_MAPPING_PENDING
ExplanationOfBenefit,$.item[9].extension[1].valueCoding,CMS_BLUE_BUTTON,https://bluebutton.cms.gov/fhir/CodeSystem/CLM-REV-CNTR-STUS-CD,Q2,,1,AUTHORITATIVE_MAPPING_PENDING
ExplanationOfBenefit,$.item[9].extension[2].valueCoding,CMS_BLUE_BUTTON,https://bluebutton.cms.gov/fhir/CodeSystem/CLM-REV-DSCNT-IND-CD,4,,1,AUTHORITATIVE_MAPPING_PENDING
ExplanationOfBenefit,$.item[9].extension[2].valueCoding,CMS_BLUE_BUTTON,https://bluebutton.cms.gov/fhir/CodeSystem/CLM-SRVC-DDCTBL-SW,1,Service Not Subject to Deductible,1,AUTHORITATIVE_MAPPING_PENDING
ExplanationOfBenefit,$.item[9].extension[3].valueCoding,CMS_BLUE_BUTTON,https://bluebutton.cms.gov/fhir/CodeSystem/CLM-MTUS-IND-CD,3,NUMBER OF SERVICES,1,AUTHORITATIVE_MAPPING_PENDING
ExplanationOfBenefit,$.item[9].extension[3].valueCoding,CMS_BLUE_BUTTON,https://bluebutton.cms.gov/fhir/CodeSystem/CLM-REV-PMT-MTHD-CD,11,,1,AUTHORITATIVE_MAPPING_PENDING
ExplanationOfBenefit,$.item[9].extension[4].valueCoding,CMS_BLUE_BUTTON,https://bluebutton.cms.gov/fhir/CodeSystem/CLM-PHYSN-ASTNT-CD,0,N/A,1,AUTHORITATIVE_MAPPING_PENDING
ExplanationOfBenefit,$.item[9].extension[5].valueCoding,CMS_BLUE_BUTTON,https://bluebutton.cms.gov/fhir/CodeSystem/CLM-PRCSG-IND-CD,00,MSP cost avoided â€” COB Contractor,1,AUTHORITATIVE_MAPPING_PENDING
ExplanationOfBenefit,$.item[9].extension[6].valueCoding,CMS_BLUE_BUTTON,https://bluebutton.cms.gov/fhir/CodeSystem/CLM-PRVDR-TYPE-CD,65,PORTABLE X-RAY,1,AUTHORITATIVE_MAPPING_PENDING
ExplanationOfBenefit,$.item[9].locationCodeableConcept.coding[0],CMS,https://www.cms.gov/Medicare/Coding/place-of-service-codes/Place_of_Service_Code_Set,47,Unassigned,1,AUTHORITATIVE_MAPPING_PENDING
ExplanationOfBenefit,$.item[9].modifier[0].coding[0],CMS,https://www.cms.gov/Medicare/Coding/HCPCSReleaseCodeSets,PC,,2,AUTHORITATIVE_MAPPING_PENDING
ExplanationOfBenefit,$.item[9].modifier[0].coding[1],AMA_CPT,http://www.ama-assn.org/go/cpt,32,,1,AUTHORITATIVE_MAPPING_PENDING
ExplanationOfBenefit,$.item[9].modifier[0].coding[1],CMS,https://www.cms.gov/Medicare/Coding/HCPCSReleaseCodeSets,US,,1,AUTHORITATIVE_MAPPING_PENDING
ExplanationOfBenefit,$.item[9].modifier[0].coding[2],AMA_CPT,http://www.ama-assn.org/go/cpt,22,,1,AUTHORITATIVE_MAPPING_PENDING
ExplanationOfBenefit,$.item[9].modifier[0].coding[2],CMS,https://www.cms.gov/Medicare/Coding/HCPCSReleaseCodeSets,1P,,1,AUTHORITATIVE_MAPPING_PENDING
ExplanationOfBenefit,$.item[9].modifier[0].coding[3],AMA_CPT,http://www.ama-assn.org/go/cpt,32,,1,AUTHORITATIVE_MAPPING_PENDING
ExplanationOfBenefit,$.item[9].modifier[0].coding[3],CMS,https://www.cms.gov/Medicare/Coding/HCPCSReleaseCodeSets,1P,,1,AUTHORITATIVE_MAPPING_PENDING
ExplanationOfBenefit,$.item[9].productOrService.coding[0],AMA_CPT,http://www.ama-assn.org/go/cpt,99213,,1,AUTHORITATIVE_MAPPING_PENDING
ExplanationOfBenefit,$.item[9].productOrService.coding[0],AMA_CPT,http://www.ama-assn.org/go/cpt,99453,,1,AUTHORITATIVE_MAPPING_PENDING
ExplanationOfBenefit,$.item[9].revenue.coding[0],CMS_BLUE_BUTTON,https://bluebutton.cms.gov/fhir/CodeSystem/CLM-REV-CNTR-CD,0579,HOME HEALTH (HH) - OTHER HH AIDE,1,AUTHORITATIVE_MAPPING_PENDING
ExplanationOfBenefit,$.item[9].revenue.coding[1],EXTERNAL_OR_UNKNOWN,https://www.nubc.org/CodeSystem/RevenueCodes,0579,,1,AUTHORITATIVE_MAPPING_PENDING
ExplanationOfBenefit,$.item[9].revenue.coding[2],CMS_BLUE_BUTTON,https://bluebutton.cms.gov/fhir/CodeSystem/CLM-DDCTBL-COINSRNC-CD,2,Charges are not subject to coinsurance,1,AUTHORITATIVE_MAPPING_PENDING
ExplanationOfBenefit,$.meta.tag[0],CMS_BLUE_BUTTON,https://bluebutton.cms.gov/fhir/CodeSystem/System-Type,DDPS,,3,AUTHORITATIVE_MAPPING_PENDING
ExplanationOfBenefit,$.meta.tag[0],CMS_BLUE_BUTTON,https://bluebutton.cms.gov/fhir/CodeSystem/System-Type,NationalClaimsHistory,,3,AUTHORITATIVE_MAPPING_PENDING
ExplanationOfBenefit,$.meta.tag[1],CMS_BLUE_BUTTON,https://bluebutton.cms.gov/fhir/CodeSystem/Final-Action,FinalAction,,5,AUTHORITATIVE_MAPPING_PENDING
ExplanationOfBenefit,$.meta.tag[1],CMS_BLUE_BUTTON,https://bluebutton.cms.gov/fhir/CodeSystem/Final-Action,NotFinalAction,,1,AUTHORITATIVE_MAPPING_PENDING
ExplanationOfBenefit,$.procedure[0].procedureCodeableConcept.coding[0],CMS,http://www.cms.gov/Medicare/Coding/ICD10,30233N1,,1,AUTHORITATIVE_MAPPING_PENDING
ExplanationOfBenefit,$.procedure[0].type[0].coding[0],HL7_FHIR,http://hl7.org/fhir/us/carin-bb/CodeSystem/C4BBClaimProcedureType,principal,,1,AUTHORITATIVE_MAPPING_PENDING
ExplanationOfBenefit,$.procedure[1].procedureCodeableConcept.coding[0],CMS,http://www.cms.gov/Medicare/Coding/ICD10,02HV33Z,,1,AUTHORITATIVE_MAPPING_PENDING
ExplanationOfBenefit,$.procedure[1].type[0].coding[0],HL7_FHIR,http://hl7.org/fhir/us/carin-bb/CodeSystem/C4BBClaimProcedureType,other,,1,AUTHORITATIVE_MAPPING_PENDING
ExplanationOfBenefit,$.subType.coding[0],HL7_FHIR,http://hl7.org/fhir/us/carin-bb/CodeSystem/C4BBInstitutionalClaimSubType,inpatient,,1,AUTHORITATIVE_MAPPING_PENDING
ExplanationOfBenefit,$.supportingInfo[0].category.coding[0],CMS_BLUE_BUTTON,https://bluebutton.cms.gov/fhir/CodeSystem/Supporting-Information,CLM_ADJSTMT_TYPE_CD,Claim Adjustment Type Code,6,AUTHORITATIVE_MAPPING_PENDING
ExplanationOfBenefit,$.supportingInfo[0].category.coding[1],HL7_TERMINOLOGY,http://terminology.hl7.org/CodeSystem/claiminformationcategory,info,Information,6,AUTHORITATIVE_MAPPING_PENDING
ExplanationOfBenefit,$.supportingInfo[0].code.coding[0],CMS_BLUE_BUTTON,https://bluebutton.cms.gov/fhir/CodeSystem/CLM-ADJSTMT-TYPE-CD,2,REPLACEMENT,1,AUTHORITATIVE_MAPPING_PENDING
ExplanationOfBenefit,$.supportingInfo[0].code.coding[0],CMS_BLUE_BUTTON,https://bluebutton.cms.gov/fhir/CodeSystem/CLM-ADJSTMT-TYPE-CD,3,CREDIT ADJUSTMENT (NEGATIVE SUPPLEMENTAL),1,AUTHORITATIVE_MAPPING_PENDING
ExplanationOfBenefit,$.supportingInfo[0].code.coding[0],CMS_BLUE_BUTTON,https://bluebutton.cms.gov/fhir/CodeSystem/CLM-ADJSTMT-TYPE-CD,4,DEBIT ADJUSTMENT (POSITIVE SUPPLEMENTAL),1,AUTHORITATIVE_MAPPING_PENDING
ExplanationOfBenefit,$.supportingInfo[0].code.coding[0],CMS_BLUE_BUTTON,https://bluebutton.cms.gov/fhir/CodeSystem/CLM-ADJSTMT-TYPE-CD,8,BALANCE RECORD,1,AUTHORITATIVE_MAPPING_PENDING
ExplanationOfBenefit,$.supportingInfo[0].code.coding[0],CMS_BLUE_BUTTON,https://bluebutton.cms.gov/fhir/CodeSystem/CLM-ADJSTMT-TYPE-CD,9,UNKNOWN,2,AUTHORITATIVE_MAPPING_PENDING
ExplanationOfBenefit,$.supportingInfo[10].category.coding[0],CMS_BLUE_BUTTON,https://bluebutton.cms.gov/fhir/CodeSystem/Supporting-Information,CLM_NCH_WKLY_PROC_DT,Weekly Process Date,1,AUTHORITATIVE_MAPPING_PENDING
ExplanationOfBenefit,$.supportingInfo[10].category.coding[0],CMS_BLUE_BUTTON,https://bluebutton.cms.gov/fhir/CodeSystem/Supporting-Information,CLM_NCVRD_THRU_DT,Noncovered Stay Through Date,1,AUTHORITATIVE_MAPPING_PENDING
ExplanationOfBenefit,$.supportingInfo[10].category.coding[0],CMS_BLUE_BUTTON,https://bluebutton.cms.gov/fhir/CodeSystem/Supporting-Information,CLM_PTNT_RSDNC_CD,Patient Residence Code,3,AUTHORITATIVE_MAPPING_PENDING
ExplanationOfBenefit,$.supportingInfo[10].category.coding[0],CMS_BLUE_BUTTON,https://bluebutton.cms.gov/fhir/CodeSystem/Supporting-Information,RNDRG_PRVDR_FIPS_ST_CD,Rendering Provider FIPS State Code,1,AUTHORITATIVE_MAPPING_PENDING
ExplanationOfBenefit,$.supportingInfo[10].category.coding[1],HL7_TERMINOLOGY,http://terminology.hl7.org/CodeSystem/claiminformationcategory,info,Information,6,AUTHORITATIVE_MAPPING_PENDING
ExplanationOfBenefit,$.supportingInfo[10].code.coding[0],CMS_BLUE_BUTTON,https://bluebutton.cms.gov/fhir/CodeSystem/CLM-PTNT-RSDNC-CD,01,Home,1,AUTHORITATIVE_MAPPING_PENDING
ExplanationOfBenefit,$.supportingInfo[10].code.coding[0],CMS_BLUE_BUTTON,https://bluebutton.cms.gov/fhir/CodeSystem/CLM-PTNT-RSDNC-CD,02,Skilled Nursing Facility,1,AUTHORITATIVE_MAPPING_PENDING
ExplanationOfBenefit,$.supportingInfo[10].code.coding[0],CMS_BLUE_BUTTON,https://bluebutton.cms.gov/fhir/CodeSystem/CLM-PTNT-RSDNC-CD,06,"Group home (e.g., congregate residential foster care)",1,AUTHORITATIVE_MAPPING_PENDING
ExplanationOfBenefit,$.supportingInfo[10].code.coding[0],CMS_BLUE_BUTTON,https://bluebutton.cms.gov/fhir/CodeSystem/US-FIPS-STATE-CODES,78,,1,AUTHORITATIVE_MAPPING_PENDING
ExplanationOfBenefit,$.supportingInfo[11].category.coding[0],CMS_BLUE_BUTTON,https://bluebutton.cms.gov/fhir/CodeSystem/Supporting-Information,CLM_BLOOD_PT_FRNSH_QTY,Blood Pints Furnished Quantity,1,AUTHORITATIVE_MAPPING_PENDING
ExplanationOfBenefit,$.supportingInfo[11].category.coding[0],CMS_BLUE_BUTTON,https://bluebutton.cms.gov/fhir/CodeSystem/Supporting-Information,CLM_LTC_DSPNSNG_MTHD_CD,Submission Clarification Code,3,AUTHORITATIVE_MAPPING_PENDING
ExplanationOfBenefit,$.supportingInfo[11].category.coding[0],CMS_BLUE_BUTTON,https://bluebutton.cms.gov/fhir/CodeSystem/Supporting-Information,CLM_MDCR_EXHSTD_DT,Medicare Benefits Exhausted Date,1,AUTHORITATIVE_MAPPING_PENDING
ExplanationOfBenefit,$.supportingInfo[11].category.coding[0],CMS_BLUE_BUTTON,https://bluebutton.cms.gov/fhir/CodeSystem/Supporting-Information,RNDRG_PRVDR_FIPS_ST_CD,Rendering Provider FIPS State Code,1,AUTHORITATIVE_MAPPING_PENDING
ExplanationOfBenefit,$.supportingInfo[11].category.coding[1],HL7_TERMINOLOGY,http://terminology.hl7.org/CodeSystem/claiminformationcategory,info,Information,6,AUTHORITATIVE_MAPPING_PENDING
ExplanationOfBenefit,$.supportingInfo[11].code.coding[0],CMS_BLUE_BUTTON,https://bluebutton.cms.gov/fhir/CodeSystem/CLM-LTC-DSPNSNG-MTHD-CD,31,"LTC dispensing, per medication pass",1,AUTHORITATIVE_MAPPING_PENDING
ExplanationOfBenefit,$.supportingInfo[11].code.coding[0],CMS_BLUE_BUTTON,https://bluebutton.cms.gov/fhir/CodeSystem/CLM-LTC-DSPNSNG-MTHD-CD,33,"LTC dispensing, other <=7 day cycle",1,AUTHORITATIVE_MAPPING_PENDING
ExplanationOfBenefit,$.supportingInfo[11].code.coding[0],CMS_BLUE_BUTTON,https://bluebutton.cms.gov/fhir/CodeSystem/CLM-LTC-DSPNSNG-MTHD-CD,42,The prescriber ID submitted has been validated and is active (rarely populated),1,AUTHORITATIVE_MAPPING_PENDING
ExplanationOfBenefit,$.supportingInfo[11].code.coding[0],CMS_BLUE_BUTTON,https://bluebutton.cms.gov/fhir/CodeSystem/US-FIPS-STATE-CODES,01,,1,AUTHORITATIVE_MAPPING_PENDING
ExplanationOfBenefit,$.supportingInfo[11].valueQuantity,EXTERNAL_OR_UNKNOWN,http://unitsofmeasure.org,[pt_us],,1,AUTHORITATIVE_MAPPING_PENDING
ExplanationOfBenefit,$.supportingInfo[12].category.coding[0],HL7_FHIR,http://hl7.org/fhir/us/carin-bb/CodeSystem/C4BBSupportingInfoType,compoundcode,,3,AUTHORITATIVE_MAPPING_PENDING
ExplanationOfBenefit,$.supportingInfo[12].category.coding[0],CMS_BLUE_BUTTON,https://bluebutton.cms.gov/fhir/CodeSystem/Supporting-Information,CLM_CARR_PMT_DNL_CD,Claim Payment Denial Code,1,AUTHORITATIVE_MAPPING_PENDING
ExplanationOfBenefit,$.supportingInfo[12].category.coding[0],CMS_BLUE_BUTTON,https://bluebutton.cms.gov/fhir/CodeSystem/Supporting-Information,CLM_CMS_PROC_DT,FI Claim Process Date,1,AUTHORITATIVE_MAPPING_PENDING
ExplanationOfBenefit,$.supportingInfo[12].category.coding[0],CMS_BLUE_BUTTON,https://bluebutton.cms.gov/fhir/CodeSystem/Supporting-Information,RNDRG_PRVDR_FIPS_ST_CD,Rendering Provider FIPS State Code,1,AUTHORITATIVE_MAPPING_PENDING
ExplanationOfBenefit,$.supportingInfo[12].category.coding[1],HL7_TERMINOLOGY,http://terminology.hl7.org/CodeSystem/claiminformationcategory,info,Information,3,AUTHORITATIVE_MAPPING_PENDING
ExplanationOfBenefit,$.supportingInfo[12].code.coding[0],HL7_TERMINOLOGY,http://terminology.hl7.org/CodeSystem/NCPDPCompoundCode,1,Not a compound,2,AUTHORITATIVE_MAPPING_PENDING
ExplanationOfBenefit,$.supportingInfo[12].code.coding[0],HL7_TERMINOLOGY,http://terminology.hl7.org/CodeSystem/NCPDPCompoundCode,2,Compound,1,AUTHORITATIVE_MAPPING_PENDING
ExplanationOfBenefit,$.supportingInfo[12].code.coding[0],CMS_BLUE_BUTTON,https://bluebutton.cms.gov/fhir/CodeSystem/CLM-CARR-PMT-DNL-CD,18,MSP COST AVOIDED - PHARMACY BENEFIT MANAGER DATA SHARING AGREEMENT (EFF.4/2006) COB CONTRACTOR 11118,1,AUTHORITATIVE_MAPPING_PENDING
ExplanationOfBenefit,$.supportingInfo[12].code.coding[0],CMS_BLUE_BUTTON,https://bluebutton.cms.gov/fhir/CodeSystem/US-FIPS-STATE-CODES,08,,1,AUTHORITATIVE_MAPPING_PENDING
ExplanationOfBenefit,$.supportingInfo[12].code.coding[1],CMS_BLUE_BUTTON,https://bluebutton.cms.gov/fhir/CodeSystem/CLM-CMPND-CD,1,Not a compound,2,AUTHORITATIVE_MAPPING_PENDING
ExplanationOfBenefit,$.supportingInfo[12].code.coding[1],CMS_BLUE_BUTTON,https://bluebutton.cms.gov/fhir/CodeSystem/CLM-CMPND-CD,2,Compound,1,AUTHORITATIVE_MAPPING_PENDING
ExplanationOfBenefit,$.supportingInfo[13].category.coding[0],HL7_FHIR,http://hl7.org/fhir/us/carin-bb/CodeSystem/C4BBSupportingInfoType,clmrecvddate,,1,AUTHORITATIVE_MAPPING_PENDING
ExplanationOfBenefit,$.supportingInfo[13].category.coding[0],HL7_FHIR,http://hl7.org/fhir/us/carin-bb/CodeSystem/C4BBSupportingInfoType,dayssupply,,3,AUTHORITATIVE_MAPPING_PENDING
ExplanationOfBenefit,$.supportingInfo[13].category.coding[0],CMS_BLUE_BUTTON,https://bluebutton.cms.gov/fhir/CodeSystem/Supporting-Information,CLM_NRLN_RIC_CD,Near Line Record Identification Code,1,AUTHORITATIVE_MAPPING_PENDING
ExplanationOfBenefit,$.supportingInfo[13].category.coding[1],HL7_TERMINOLOGY,http://terminology.hl7.org/CodeSystem/claiminformationcategory,info,Information,1,AUTHORITATIVE_MAPPING_PENDING
ExplanationOfBenefit,$.supportingInfo[13].code.coding[0],CMS_BLUE_BUTTON,https://bluebutton.cms.gov/fhir/CodeSystem/CLM-NRLN-RIC-CD,V,"Part A institutional claim record (inpatient [IP], skilled nursing facility [SNF], hospice [HOS], or home health agency [HHA])",1,AUTHORITATIVE_MAPPING_PENDING
ExplanationOfBenefit,$.supportingInfo[14].category.coding[0],HL7_FHIR,http://hl7.org/fhir/us/carin-bb/CodeSystem/C4BBSupportingInfoType,pointoforigin,,1,AUTHORITATIVE_MAPPING_PENDING
ExplanationOfBenefit,$.supportingInfo[14].category.coding[0],HL7_FHIR,http://hl7.org/fhir/us/carin-bb/CodeSystem/C4BBSupportingInfoType,refillnum,,3,AUTHORITATIVE_MAPPING_PENDING
ExplanationOfBenefit,$.supportingInfo[14].category.coding[0],CMS_BLUE_BUTTON,https://bluebutton.cms.gov/fhir/CodeSystem/Supporting-Information,CLM_CNTRCTR_NUM,Claim Contractor Number,1,AUTHORITATIVE_MAPPING_PENDING
ExplanationOfBenefit,$.supportingInfo[14].category.coding[1],HL7_TERMINOLOGY,http://terminology.hl7.org/CodeSystem/claiminformationcategory,info,Information,1,AUTHORITATIVE_MAPPING_PENDING
ExplanationOfBenefit,$.supportingInfo[14].code.coding[0],CMS_BLUE_BUTTON,https://bluebutton.cms.gov/fhir/CodeSystem/CLM-CNTRCTR-NUM,6101,,1,AUTHORITATIVE_MAPPING_PENDING
ExplanationOfBenefit,$.supportingInfo[14].code.coding[0],EXTERNAL_OR_UNKNOWN,https://www.nubc.org/CodeSystem/PointOfOrigin,Q,,1,AUTHORITATIVE_MAPPING_PENDING
ExplanationOfBenefit,$.supportingInfo[14].code.coding[1],CMS_BLUE_BUTTON,https://bluebutton.cms.gov/fhir/CodeSystem/CLM-ADMSN-SRC-CD,Q,RESERVED FOR NATIONAL ASSIGNMENT (NON-NEWBORN),1,AUTHORITATIVE_MAPPING_PENDING
ExplanationOfBenefit,$.supportingInfo[15].category.coding[0],HL7_FHIR,http://hl7.org/fhir/us/carin-bb/CodeSystem/C4BBSupportingInfoType,dawcode,,3,AUTHORITATIVE_MAPPING_PENDING
ExplanationOfBenefit,$.supportingInfo[15].category.coding[0],HL7_FHIR,http://hl7.org/fhir/us/carin-bb/CodeSystem/C4BBSupportingInfoType,discharge-status,,1,AUTHORITATIVE_MAPPING_PENDING
ExplanationOfBenefit,$.supportingInfo[15].category.coding[0],CMS_BLUE_BUTTON,https://bluebutton.cms.gov/fhir/CodeSystem/Supporting-Information,CLM_CLNCL_TRIL_NUM,Clinical Trial Number,1,AUTHORITATIVE_MAPPING_PENDING
ExplanationOfBenefit,$.supportingInfo[15].category.coding[1],HL7_TERMINOLOGY,http://terminology.hl7.org/CodeSystem/claiminformationcategory,info,Information,1,AUTHORITATIVE_MAPPING_PENDING
ExplanationOfBenefit,$.supportingInfo[15].code.coding[0],HL7_TERMINOLOGY,http://terminology.hl7.org/CodeSystem/NCPDPDispensedAsWrittenOrProductSelectionCode,0,,1,AUTHORITATIVE_MAPPING_PENDING
ExplanationOfBenefit,$.supportingInfo[15].code.coding[0],HL7_TERMINOLOGY,http://terminology.hl7.org/CodeSystem/NCPDPDispensedAsWrittenOrProductSelectionCode,1,,1,AUTHORITATIVE_MAPPING_PENDING
ExplanationOfBenefit,$.supportingInfo[15].code.coding[0],HL7_TERMINOLOGY,http://terminology.hl7.org/CodeSystem/NCPDPDispensedAsWrittenOrProductSelectionCode,6,,1,AUTHORITATIVE_MAPPING_PENDING
ExplanationOfBenefit,$.supportingInfo[15].code.coding[0],EXTERNAL_OR_UNKNOWN,https://www.nubc.org/CodeSystem/PatDischargeStatus,50,,1,AUTHORITATIVE_MAPPING_PENDING
ExplanationOfBenefit,$.supportingInfo[15].code.coding[1],CMS_BLUE_BUTTON,https://bluebutton.cms.gov/fhir/CodeSystem/BENE-PTNT-STUS-CD,50,HOSPICE - HOME,1,AUTHORITATIVE_MAPPING_PENDING
ExplanationOfBenefit,$.supportingInfo[16].category.coding[0],HL7_FHIR,http://hl7.org/fhir/us/carin-bb/CodeSystem/C4BBSupportingInfoType,admtype,,1,AUTHORITATIVE_MAPPING_PENDING
ExplanationOfBenefit,$.supportingInfo[16].category.coding[0],CMS_BLUE_BUTTON,https://bluebutton.cms.gov/fhir/CodeSystem/Supporting-Information,CLM_DISP_CD,Claim Disposition Code,1,AUTHORITATIVE_MAPPING_PENDING
ExplanationOfBenefit,$.supportingInfo[16].category.coding[0],CMS_BLUE_BUTTON,https://bluebutton.cms.gov/fhir/CodeSystem/Supporting-Information,CLM_DRUG_CVRG_STUS_CD,Drug Coverage Status Code,3,AUTHORITATIVE_MAPPING_PENDING
ExplanationOfBenefit,$.supportingInfo[16].category.coding[1],HL7_TERMINOLOGY,http://terminology.hl7.org/CodeSystem/claiminformationcategory,info,Information,4,AUTHORITATIVE_MAPPING_PENDING
ExplanationOfBenefit,$.supportingInfo[16].code.coding[0],CMS_BLUE_BUTTON,https://bluebutton.cms.gov/fhir/CodeSystem/CLM-DISP-CD,50,BENEFICIARY NOT IN FILE,1,AUTHORITATIVE_MAPPING_PENDING
ExplanationOfBenefit,$.supportingInfo[16].code.coding[0],CMS_BLUE_BUTTON,https://bluebutton.cms.gov/fhir/CodeSystem/CLM-DRUG-CVRG-STUS-CD,C,Covered,2,AUTHORITATIVE_MAPPING_PENDING
ExplanationOfBenefit,$.supportingInfo[16].code.coding[0],CMS_BLUE_BUTTON,https://bluebutton.cms.gov/fhir/CodeSystem/CLM-DRUG-CVRG-STUS-CD,O,Over-the-counter drugs,1,AUTHORITATIVE_MAPPING_PENDING
ExplanationOfBenefit,$.supportingInfo[16].code.coding[0],EXTERNAL_OR_UNKNOWN,https://www.nubc.org/CodeSystem/PriorityTypeOfAdmitOrVisit,4,,1,AUTHORITATIVE_MAPPING_PENDING
ExplanationOfBenefit,$.supportingInfo[16].code.coding[1],CMS_BLUE_BUTTON,https://bluebutton.cms.gov/fhir/CodeSystem/CLM-ADMSN-TYPE-CD,4,Newborn - Necessitates the use of special source of admission codes.,1,AUTHORITATIVE_MAPPING_PENDING
ExplanationOfBenefit,$.supportingInfo[17].category.coding[0],CMS_BLUE_BUTTON,https://bluebutton.cms.gov/fhir/CodeSystem/Supporting-Information,CLM_CTSTRPHC_CVRG_IND_CD,Catastrophic Coverage Code,3,AUTHORITATIVE_MAPPING_PENDING
ExplanationOfBenefit,$.supportingInfo[17].category.coding[0],CMS_BLUE_BUTTON,https://bluebutton.cms.gov/fhir/CodeSystem/Supporting-Information,CLM_MDCR_INSTNL_MCO_PD_SW,MCO Paid Switch,1,AUTHORITATIVE_MAPPING_PENDING
ExplanationOfBenefit,$.supportingInfo[17].category.coding[0],CMS_BLUE_BUTTON,https://bluebutton.cms.gov/fhir/CodeSystem/Supporting-Information,CLM_QUERY_CD,Claim Query Code,1,AUTHORITATIVE_MAPPING_PENDING
ExplanationOfBenefit,$.supportingInfo[17].category.coding[1],HL7_TERMINOLOGY,http://terminology.hl7.org/CodeSystem/claiminformationcategory,info,Information,5,AUTHORITATIVE_MAPPING_PENDING
ExplanationOfBenefit,$.supportingInfo[17].code.coding[0],CMS_BLUE_BUTTON,https://bluebutton.cms.gov/fhir/CodeSystem/CLM-CTSTRPHC-CVRG-IND-CD,C,Above attachment point,3,AUTHORITATIVE_MAPPING_PENDING
ExplanationOfBenefit,$.supportingInfo[17].code.coding[0],CMS_BLUE_BUTTON,https://bluebutton.cms.gov/fhir/CodeSystem/CLM-MDCR-INSTNL-MCO-PD-SW,0,No managed care organization (MCO) payment,1,AUTHORITATIVE_MAPPING_PENDING
ExplanationOfBenefit,$.supportingInfo[17].code.coding[0],CMS_BLUE_BUTTON,https://bluebutton.cms.gov/fhir/CodeSystem/CLM-QUERY-CD,2,HOME HEALTH AGENCY (HHA) BENEFITS EXHAUSTED (OBSOLETE 7/98),1,AUTHORITATIVE_MAPPING_PENDING
ExplanationOfBenefit,$.supportingInfo[18].category.coding[0],CMS_BLUE_BUTTON,https://bluebutton.cms.gov/fhir/CodeSystem/Supporting-Information,CLM_LINE_RX_NUM,Claim Line Prescription Service Reference Number,3,AUTHORITATIVE_MAPPING_PENDING
ExplanationOfBenefit,$.supportingInfo[18].category.coding[0],CMS_BLUE_BUTTON,https://bluebutton.cms.gov/fhir/CodeSystem/Supporting-Information,CLM_MDCR_NPMT_RSN_CD,Claim Non Payment Reason Code,1,AUTHORITATIVE_MAPPING_PENDING
ExplanationOfBenefit,$.supportingInfo[18].category.coding[0],CMS_BLUE_BUTTON,https://bluebutton.cms.gov/fhir/CodeSystem/Supporting-Information,CLM_NCH_WKLY_PROC_DT,Weekly Process Date,1,AUTHORITATIVE_MAPPING_PENDING
ExplanationOfBenefit,$.supportingInfo[18].category.coding[1],HL7_TERMINOLOGY,http://terminology.hl7.org/CodeSystem/claiminformationcategory,info,Information,5,AUTHORITATIVE_MAPPING_PENDING
ExplanationOfBenefit,$.supportingInfo[18].code.coding[0],CMS_BLUE_BUTTON,https://bluebutton.cms.gov/fhir/CodeSystem/CLM-MDCR-NPMT-RSN-CD,13,MSP COST AVOIDED - OFFICE OF PERSONNEL MANAGEMENT (OPM) DATA MATCH COB CONTRACTOR 11113,1,AUTHORITATIVE_MAPPING_PENDING
ExplanationOfBenefit,$.supportingInfo[19].category.coding[0],CMS_BLUE_BUTTON,https://bluebutton.cms.gov/fhir/CodeSystem/Supporting-Information,CLM_CARR_PMT_DNL_CD,Claim Payment Denial Code,1,AUTHORITATIVE_MAPPING_PENDING
ExplanationOfBenefit,$.supportingInfo[19].category.coding[0],CMS_BLUE_BUTTON,https://bluebutton.cms.gov/fhir/CodeSystem/Supporting-Information,CLM_FI_ACTN_CD,Claim Fiscal Intermediary Action Code,1,AUTHORITATIVE_MAPPING_PENDING
ExplanationOfBenefit,$.supportingInfo[19].category.coding[1],HL7_TERMINOLOGY,http://terminology.hl7.org/CodeSystem/claiminformationcategory,info,Information,2,AUTHORITATIVE_MAPPING_PENDING
ExplanationOfBenefit,$.supportingInfo[19].code.coding[0],CMS_BLUE_BUTTON,https://bluebutton.cms.gov/fhir/CodeSystem/CLM-CARR-PMT-DNL-CD,6,GROUP PRACTICE PREPAYMENT PLAN,1,AUTHORITATIVE_MAPPING_PENDING
ExplanationOfBenefit,$.supportingInfo[19].code.coding[0],CMS_BLUE_BUTTON,https://bluebutton.cms.gov/fhir/CodeSystem/CLM-FI-ACTN-CD,8,Benefits refused,1,AUTHORITATIVE_MAPPING_PENDING
ExplanationOfBenefit,$.supportingInfo[1].category.coding[0],CMS_BLUE_BUTTON,https://bluebutton.cms.gov/fhir/CodeSystem/Supporting-Information,CLM_IDR_LD_DT,Claim IDR Load Date,6,AUTHORITATIVE_MAPPING_PENDING
ExplanationOfBenefit,$.supportingInfo[1].category.coding[1],HL7_TERMINOLOGY,http://terminology.hl7.org/CodeSystem/claiminformationcategory,info,Information,6,AUTHORITATIVE_MAPPING_PENDING
ExplanationOfBenefit,$.supportingInfo[20].category.coding[0],CMS_BLUE_BUTTON,https://bluebutton.cms.gov/fhir/CodeSystem/Supporting-Information,CLM_PPS_IND_CD,Claim PPS Indicator Code,1,AUTHORITATIVE_MAPPING_PENDING
ExplanationOfBenefit,$.supportingInfo[20].category.coding[1],HL7_TERMINOLOGY,http://terminology.hl7.org/CodeSystem/claiminformationcategory,info,Information,1,AUTHORITATIVE_MAPPING_PENDING
ExplanationOfBenefit,$.supportingInfo[20].code.coding[0],CMS_BLUE_BUTTON,https://bluebutton.cms.gov/fhir/CodeSystem/CLM-PPS-IND-CD,unknown,Not a PPS bill,1,AUTHORITATIVE_MAPPING_PENDING
ExplanationOfBenefit,$.supportingInfo[21].category.coding[0],HL7_FHIR,http://hl7.org/fhir/us/carin-bb/CodeSystem/C4BBSupportingInfoType,drg,,1,AUTHORITATIVE_MAPPING_PENDING
ExplanationOfBenefit,$.supportingInfo[21].code.coding[0],CMS,https://www.cms.gov/Medicare/Medicare-Fee-for-Service-Payment/AcuteInpatientPPS/MS-DRG-Classifications-and-Software,5,,1,AUTHORITATIVE_MAPPING_PENDING
ExplanationOfBenefit,$.supportingInfo[2].category.coding[0],HL7_FHIR,http://hl7.org/fhir/us/carin-bb/CodeSystem/C4BBSupportingInfoType,typeofbill,,1,AUTHORITATIVE_MAPPING_PENDING
ExplanationOfBenefit,$.supportingInfo[2].category.coding[0],CMS_BLUE_BUTTON,https://bluebutton.cms.gov/fhir/CodeSystem/Supporting-Information,CLM_SBMT_FRMT_CD,Claim Submission Format Code,3,AUTHORITATIVE_MAPPING_PENDING
ExplanationOfBenefit,$.supportingInfo[2].category.coding[0],CMS_BLUE_BUTTON,https://bluebutton.cms.gov/fhir/CodeSystem/Supporting-Information,RNDRG_PRVDR_FIPS_ST_CD,Rendering Provider FIPS State Code,2,AUTHORITATIVE_MAPPING_PENDING
ExplanationOfBenefit,$.supportingInfo[2].category.coding[1],HL7_TERMINOLOGY,http://terminology.hl7.org/CodeSystem/claiminformationcategory,info,Information,5,AUTHORITATIVE_MAPPING_PENDING
ExplanationOfBenefit,$.supportingInfo[2].code.coding[0],CMS_BLUE_BUTTON,https://bluebutton.cms.gov/fhir/CodeSystem/CLM-SBMT-FRMT-CD,A,MEDICAID SUBROGATION CLAIM,1,AUTHORITATIVE_MAPPING_PENDING
ExplanationOfBenefit,$.supportingInfo[2].code.coding[0],CMS_BLUE_BUTTON,https://bluebutton.cms.gov/fhir/CodeSystem/CLM-SBMT-FRMT-CD,B,BENEFICIARY SUBMITTED,1,AUTHORITATIVE_MAPPING_PENDING
ExplanationOfBenefit,$.supportingInfo[2].code.coding[0],CMS_BLUE_BUTTON,https://bluebutton.cms.gov/fhir/CodeSystem/CLM-SBMT-FRMT-CD,X,X12 837,1,AUTHORITATIVE_MAPPING_PENDING
ExplanationOfBenefit,$.supportingInfo[2].code.coding[0],CMS_BLUE_BUTTON,https://bluebutton.cms.gov/fhir/CodeSystem/US-FIPS-STATE-CODES,08,,1,AUTHORITATIVE_MAPPING_PENDING
ExplanationOfBenefit,$.supportingInfo[2].code.coding[0],CMS_BLUE_BUTTON,https://bluebutton.cms.gov/fhir/CodeSystem/US-FIPS-STATE-CODES,78,,1,AUTHORITATIVE_MAPPING_PENDING
ExplanationOfBenefit,$.supportingInfo[2].code.coding[0],EXTERNAL_OR_UNKNOWN,https://www.nubc.org/CodeSystem/TypeOfBill,081G,,1,AUTHORITATIVE_MAPPING_PENDING
ExplanationOfBenefit,$.supportingInfo[2].code.coding[1],CMS_BLUE_BUTTON,https://bluebutton.cms.gov/fhir/CodeSystem/CLM-BILL-FAC-TYPE-CD,8,,1,AUTHORITATIVE_MAPPING_PENDING
ExplanationOfBenefit,$.supportingInfo[2].code.coding[2],CMS_BLUE_BUTTON,https://bluebutton.cms.gov/fhir/CodeSystem/CLM-BILL-CLSFCTN-CD,81,,1,AUTHORITATIVE_MAPPING_PENDING
ExplanationOfBenefit,$.supportingInfo[2].code.coding[3],CMS_BLUE_BUTTON,https://bluebutton.cms.gov/fhir/CodeSystem/CLM-BILL-FREQ-CD,81G,,1,AUTHORITATIVE_MAPPING_PENDING
ExplanationOfBenefit,$.supportingInfo[3].category.coding[0],CMS_BLUE_BUTTON,https://bluebutton.cms.gov/fhir/CodeSystem/Supporting-Information,CLM_CNTRCTR_NUM,Claim Contractor Number,1,AUTHORITATIVE_MAPPING_PENDING
ExplanationOfBenefit,$.supportingInfo[3].category.coding[0],CMS_BLUE_BUTTON,https://bluebutton.cms.gov/fhir/CodeSystem/Supporting-Information,CLM_LINE_PMD_UNIQ_TRKNG_NUM,Prior Authorization Unique Tracking Number,1,AUTHORITATIVE_MAPPING_PENDING
ExplanationOfBenefit,$.supportingInfo[3].category.coding[0],CMS_BLUE_BUTTON,https://bluebutton.cms.gov/fhir/CodeSystem/Supporting-Information,CLM_SBMTR_CNTRCT_NUM,Submitter Contract Number,3,AUTHORITATIVE_MAPPING_PENDING
ExplanationOfBenefit,$.supportingInfo[3].category.coding[0],CMS_BLUE_BUTTON,https://bluebutton.cms.gov/fhir/CodeSystem/Supporting-Information,RNDRG_PRVDR_FIPS_ST_CD,Rendering Provider FIPS State Code,1,AUTHORITATIVE_MAPPING_PENDING
ExplanationOfBenefit,$.supportingInfo[3].category.coding[1],HL7_TERMINOLOGY,http://terminology.hl7.org/CodeSystem/claiminformationcategory,info,Information,6,AUTHORITATIVE_MAPPING_PENDING
ExplanationOfBenefit,$.supportingInfo[3].code.coding[0],CMS_BLUE_BUTTON,https://bluebutton.cms.gov/fhir/CodeSystem/CLM-CNTRCTR-NUM,11301,VIRGINIA - PALMETTO GBA (EFF. 5/16/2011) (REPLACES FI #00453) JURISDICTION 11 - PART A MAC,1,AUTHORITATIVE_MAPPING_PENDING
ExplanationOfBenefit,$.supportingInfo[3].code.coding[0],CMS_BLUE_BUTTON,https://bluebutton.cms.gov/fhir/CodeSystem/US-FIPS-STATE-CODES,08,,1,AUTHORITATIVE_MAPPING_PENDING
ExplanationOfBenefit,$.supportingInfo[4].category.coding[0],CMS_BLUE_BUTTON,https://bluebutton.cms.gov/fhir/CodeSystem/Supporting-Information,CLM_NCH_PRMRY_PYR_CD,NCH Primary Payer Code,1,AUTHORITATIVE_MAPPING_PENDING
ExplanationOfBenefit,$.supportingInfo[4].category.coding[0],CMS_BLUE_BUTTON,https://bluebutton.cms.gov/fhir/CodeSystem/Supporting-Information,CLM_SBMTR_CNTRCT_PBP_NUM,Submitter Contract PBP Number,3,AUTHORITATIVE_MAPPING_PENDING
ExplanationOfBenefit,$.supportingInfo[4].category.coding[0],CMS_BLUE_BUTTON,https://bluebutton.cms.gov/fhir/CodeSystem/Supporting-Information,RNDRG_PRVDR_FIPS_ST_CD,Rendering Provider FIPS State Code,2,AUTHORITATIVE_MAPPING_PENDING
ExplanationOfBenefit,$.supportingInfo[4].category.coding[1],HL7_TERMINOLOGY,http://terminology.hl7.org/CodeSystem/claiminformationcategory,info,Information,6,AUTHORITATIVE_MAPPING_PENDING
ExplanationOfBenefit,$.supportingInfo[4].code.coding[0],CMS_BLUE_BUTTON,https://bluebutton.cms.gov/fhir/CodeSystem/CLM-NCH-PRMRY-PYR-CD,E,,1,AUTHORITATIVE_MAPPING_PENDING
ExplanationOfBenefit,$.supportingInfo[4].code.coding[0],CMS_BLUE_BUTTON,https://bluebutton.cms.gov/fhir/CodeSystem/US-FIPS-STATE-CODES,01,,1,AUTHORITATIVE_MAPPING_PENDING
ExplanationOfBenefit,$.supportingInfo[4].code.coding[0],CMS_BLUE_BUTTON,https://bluebutton.cms.gov/fhir/CodeSystem/US-FIPS-STATE-CODES,78,,1,AUTHORITATIVE_MAPPING_PENDING
ExplanationOfBenefit,$.supportingInfo[5].category.coding[0],HL7_FHIR,http://hl7.org/fhir/us/carin-bb/CodeSystem/C4BBSupportingInfoType,clmrecvddate,,4,AUTHORITATIVE_MAPPING_PENDING
ExplanationOfBenefit,$.supportingInfo[5].category.coding[0],CMS_BLUE_BUTTON,https://bluebutton.cms.gov/fhir/CodeSystem/Supporting-Information,CLM_DISP_CD,Claim Disposition Code,1,AUTHORITATIVE_MAPPING_PENDING
ExplanationOfBenefit,$.supportingInfo[5].category.coding[0],CMS_BLUE_BUTTON,https://bluebutton.cms.gov/fhir/CodeSystem/Supporting-Information,RNDRG_PRVDR_FIPS_ST_CD,Rendering Provider FIPS State Code,1,AUTHORITATIVE_MAPPING_PENDING
ExplanationOfBenefit,$.supportingInfo[5].category.coding[1],HL7_TERMINOLOGY,http://terminology.hl7.org/CodeSystem/claiminformationcategory,info,Information,2,AUTHORITATIVE_MAPPING_PENDING
ExplanationOfBenefit,$.supportingInfo[5].code.coding[0],CMS_BLUE_BUTTON,https://bluebutton.cms.gov/fhir/CodeSystem/CLM-DISP-CD,51,TRUE NOT IN FILE,1,AUTHORITATIVE_MAPPING_PENDING
ExplanationOfBenefit,$.supportingInfo[5].code.coding[0],CMS_BLUE_BUTTON,https://bluebutton.cms.gov/fhir/CodeSystem/US-FIPS-STATE-CODES,04,,1,AUTHORITATIVE_MAPPING_PENDING
ExplanationOfBenefit,$.supportingInfo[6].category.coding[0],HL7_FHIR,http://hl7.org/fhir/us/carin-bb/CodeSystem/C4BBSupportingInfoType,admissionperiod,,1,AUTHORITATIVE_MAPPING_PENDING
ExplanationOfBenefit,$.supportingInfo[6].category.coding[0],CMS_BLUE_BUTTON,https://bluebutton.cms.gov/fhir/CodeSystem/Supporting-Information,CLM_CMS_PROC_DT,FI Claim Process Date,3,AUTHORITATIVE_MAPPING_PENDING
ExplanationOfBenefit,$.supportingInfo[6].category.coding[0],CMS_BLUE_BUTTON,https://bluebutton.cms.gov/fhir/CodeSystem/Supporting-Information,CLM_CNTRCTR_NUM,Claim Contractor Number,1,AUTHORITATIVE_MAPPING_PENDING
ExplanationOfBenefit,$.supportingInfo[6].category.coding[0],CMS_BLUE_BUTTON,https://bluebutton.cms.gov/fhir/CodeSystem/Supporting-Information,RNDRG_PRVDR_FIPS_ST_CD,Rendering Provider FIPS State Code,1,AUTHORITATIVE_MAPPING_PENDING
ExplanationOfBenefit,$.supportingInfo[6].category.coding[1],HL7_TERMINOLOGY,http://terminology.hl7.org/CodeSystem/claiminformationcategory,info,Information,5,AUTHORITATIVE_MAPPING_PENDING
ExplanationOfBenefit,$.supportingInfo[6].code.coding[0],CMS_BLUE_BUTTON,https://bluebutton.cms.gov/fhir/CodeSystem/CLM-CNTRCTR-NUM,10202,GEORGIA - CAHABA GOVERNMENT BENEFIT ADMINISTRATORS LLC (EFF.8/3/09) (REPLACES CARRIER #00511) JURISDICTION 10. PART B MAC,1,AUTHORITATIVE_MAPPING_PENDING
ExplanationOfBenefit,$.supportingInfo[6].code.coding[0],CMS_BLUE_BUTTON,https://bluebutton.cms.gov/fhir/CodeSystem/US-FIPS-STATE-CODES,78,,1,AUTHORITATIVE_MAPPING_PENDING
ExplanationOfBenefit,$.supportingInfo[7].category.coding[0],HL7_FHIR,http://hl7.org/fhir/us/carin-bb/CodeSystem/C4BBSupportingInfoType,clmrecvddate,,1,AUTHORITATIVE_MAPPING_PENDING
ExplanationOfBenefit,$.supportingInfo[7].category.coding[0],CMS_BLUE_BUTTON,https://bluebutton.cms.gov/fhir/CodeSystem/Supporting-Information,CLM_CLNCL_TRIL_NUM,Clinical Trial Number,1,AUTHORITATIVE_MAPPING_PENDING
ExplanationOfBenefit,$.supportingInfo[7].category.coding[0],CMS_BLUE_BUTTON,https://bluebutton.cms.gov/fhir/CodeSystem/Supporting-Information,CLM_PHRMCY_SRVC_TYPE_CD,Pharmacy Service Type Code,3,AUTHORITATIVE_MAPPING_PENDING
ExplanationOfBenefit,$.supportingInfo[7].category.coding[0],CMS_BLUE_BUTTON,https://bluebutton.cms.gov/fhir/CodeSystem/Supporting-Information,RNDRG_PRVDR_FIPS_ST_CD,Rendering Provider FIPS State Code,1,AUTHORITATIVE_MAPPING_PENDING
ExplanationOfBenefit,$.supportingInfo[7].category.coding[1],HL7_TERMINOLOGY,http://terminology.hl7.org/CodeSystem/claiminformationcategory,info,Information,5,AUTHORITATIVE_MAPPING_PENDING
ExplanationOfBenefit,$.supportingInfo[7].code.coding[0],CMS_BLUE_BUTTON,https://bluebutton.cms.gov/fhir/CodeSystem/CLM-PHRMCY-SRVC-TYPE-CD,03,Home infusion therapy provider,1,AUTHORITATIVE_MAPPING_PENDING
ExplanationOfBenefit,$.supportingInfo[7].code.coding[0],CMS_BLUE_BUTTON,https://bluebutton.cms.gov/fhir/CodeSystem/CLM-PHRMCY-SRVC-TYPE-CD,05,Long-term care pharmacy,2,AUTHORITATIVE_MAPPING_PENDING
ExplanationOfBenefit,$.supportingInfo[7].code.coding[0],CMS_BLUE_BUTTON,https://bluebutton.cms.gov/fhir/CodeSystem/US-FIPS-STATE-CODES,08,,1,AUTHORITATIVE_MAPPING_PENDING
ExplanationOfBenefit,$.supportingInfo[8].category.coding[0],HL7_FHIR,http://hl7.org/fhir/us/carin-bb/CodeSystem/C4BBSupportingInfoType,rxorigincode,,3,AUTHORITATIVE_MAPPING_PENDING
ExplanationOfBenefit,$.supportingInfo[8].category.coding[0],CMS_BLUE_BUTTON,https://bluebutton.cms.gov/fhir/CodeSystem/Supporting-Information,CLM_DISP_CD,Claim Disposition Code,1,AUTHORITATIVE_MAPPING_PENDING
ExplanationOfBenefit,$.supportingInfo[8].category.coding[0],CMS_BLUE_BUTTON,https://bluebutton.cms.gov/fhir/CodeSystem/Supporting-Information,CLM_NCH_WKLY_PROC_DT,Weekly Process Date,1,AUTHORITATIVE_MAPPING_PENDING
ExplanationOfBenefit,$.supportingInfo[8].category.coding[0],CMS_BLUE_BUTTON,https://bluebutton.cms.gov/fhir/CodeSystem/Supporting-Information,RNDRG_PRVDR_FIPS_ST_CD,Rendering Provider FIPS State Code,1,AUTHORITATIVE_MAPPING_PENDING
ExplanationOfBenefit,$.supportingInfo[8].category.coding[1],HL7_TERMINOLOGY,http://terminology.hl7.org/CodeSystem/claiminformationcategory,info,Information,3,AUTHORITATIVE_MAPPING_PENDING
ExplanationOfBenefit,$.supportingInfo[8].code.coding[0],HL7_TERMINOLOGY,http://terminology.hl7.org/CodeSystem/NCPDPPrescriptionOriginCode,0,,1,AUTHORITATIVE_MAPPING_PENDING
ExplanationOfBenefit,$.supportingInfo[8].code.coding[0],HL7_TERMINOLOGY,http://terminology.hl7.org/CodeSystem/NCPDPPrescriptionOriginCode,2,,1,AUTHORITATIVE_MAPPING_PENDING
ExplanationOfBenefit,$.supportingInfo[8].code.coding[0],HL7_TERMINOLOGY,http://terminology.hl7.org/CodeSystem/NCPDPPrescriptionOriginCode,3,,1,AUTHORITATIVE_MAPPING_PENDING
ExplanationOfBenefit,$.supportingInfo[8].code.coding[0],CMS_BLUE_BUTTON,https://bluebutton.cms.gov/fhir/CodeSystem/CLM-DISP-CD,53,RECORD IN CMS ALPHA MATCH,1,AUTHORITATIVE_MAPPING_PENDING
ExplanationOfBenefit,$.supportingInfo[8].code.coding[0],CMS_BLUE_BUTTON,https://bluebutton.cms.gov/fhir/CodeSystem/US-FIPS-STATE-CODES,15,,1,AUTHORITATIVE_MAPPING_PENDING
ExplanationOfBenefit,$.supportingInfo[8].code.coding[1],CMS_BLUE_BUTTON,https://bluebutton.cms.gov/fhir/CodeSystem/CLM-LINE-RX-ORGN-CD,0,,1,AUTHORITATIVE_MAPPING_PENDING
ExplanationOfBenefit,$.supportingInfo[8].code.coding[1],CMS_BLUE_BUTTON,https://bluebutton.cms.gov/fhir/CodeSystem/CLM-LINE-RX-ORGN-CD,2,,1,AUTHORITATIVE_MAPPING_PENDING
ExplanationOfBenefit,$.supportingInfo[8].code.coding[1],CMS_BLUE_BUTTON,https://bluebutton.cms.gov/fhir/CodeSystem/CLM-LINE-RX-ORGN-CD,3,,1,AUTHORITATIVE_MAPPING_PENDING
ExplanationOfBenefit,$.supportingInfo[9].category.coding[0],HL7_FHIR,http://hl7.org/fhir/us/carin-bb/CodeSystem/C4BBSupportingInfoType,brandgenericindicator,,3,AUTHORITATIVE_MAPPING_PENDING
ExplanationOfBenefit,$.supportingInfo[9].category.coding[0],CMS_BLUE_BUTTON,https://bluebutton.cms.gov/fhir/CodeSystem/Supporting-Information,CLM_NCVRD_FROM_DT,Noncovered Stay From Date,1,AUTHORITATIVE_MAPPING_PENDING
ExplanationOfBenefit,$.supportingInfo[9].category.coding[0],CMS_BLUE_BUTTON,https://bluebutton.cms.gov/fhir/CodeSystem/Supporting-Information,CLM_QUERY_CD,Claim Query Code,1,AUTHORITATIVE_MAPPING_PENDING
ExplanationOfBenefit,$.supportingInfo[9].category.coding[0],CMS_BLUE_BUTTON,https://bluebutton.cms.gov/fhir/CodeSystem/Supporting-Information,RNDRG_PRVDR_FIPS_ST_CD,Rendering Provider FIPS State Code,1,AUTHORITATIVE_MAPPING_PENDING
ExplanationOfBenefit,$.supportingInfo[9].category.coding[1],HL7_TERMINOLOGY,http://terminology.hl7.org/CodeSystem/claiminformationcategory,info,Information,3,AUTHORITATIVE_MAPPING_PENDING
ExplanationOfBenefit,$.supportingInfo[9].code.coding[0],HL7_TERMINOLOGY,http://terminology.hl7.org/CodeSystem/NCPDPBrandGenericIndicator,G,Generic Null/Missing,3,AUTHORITATIVE_MAPPING_PENDING
ExplanationOfBenefit,$.supportingInfo[9].code.coding[0],CMS_BLUE_BUTTON,https://bluebutton.cms.gov/fhir/CodeSystem/CLM-QUERY-CD,5,DEBIT ADJUSTMENT,1,AUTHORITATIVE_MAPPING_PENDING
ExplanationOfBenefit,$.supportingInfo[9].code.coding[0],CMS_BLUE_BUTTON,https://bluebutton.cms.gov/fhir/CodeSystem/US-FIPS-STATE-CODES,78,,1,AUTHORITATIVE_MAPPING_PENDING
ExplanationOfBenefit,$.supportingInfo[9].code.coding[1],CMS_BLUE_BUTTON,https://bluebutton.cms.gov/fhir/CodeSystem/CLM-BRND-GNRC-CD,G,Generic Null/Missing,3,AUTHORITATIVE_MAPPING_PENDING
ExplanationOfBenefit,$.total[0].category.coding[0],HL7_FHIR,http://hl7.org/fhir/us/carin-bb/CodeSystem/C4BBAdjudication,paidbypatient,Paid by patient,3,AUTHORITATIVE_MAPPING_PENDING
ExplanationOfBenefit,$.total[0].category.coding[0],HL7_TERMINOLOGY,http://terminology.hl7.org/CodeSystem/adjudication,eligible,Eligible Amount,3,AUTHORITATIVE_MAPPING_PENDING
ExplanationOfBenefit,$.total[0].category.coding[1],CMS_BLUE_BUTTON,https://bluebutton.cms.gov/fhir/CodeSystem/Adjudication,CLM_ALOWD_CHRG_AMT,Allowed Charge Amount,3,AUTHORITATIVE_MAPPING_PENDING
ExplanationOfBenefit,$.total[0].category.coding[1],CMS_BLUE_BUTTON,https://bluebutton.cms.gov/fhir/CodeSystem/Adjudication,CLM_BENE_PMT_AMT,Paid By Beneficiary Amount,3,AUTHORITATIVE_MAPPING_PENDING
ExplanationOfBenefit,$.total[1].category.coding[0],HL7_FHIR,http://hl7.org/fhir/us/carin-bb/CodeSystem/C4BBAdjudication,priorpayerpaid,Prior payer paid,3,AUTHORITATIVE_MAPPING_PENDING
ExplanationOfBenefit,$.total[1].category.coding[0],HL7_TERMINOLOGY,http://terminology.hl7.org/CodeSystem/adjudication,submitted,Submitted Amount,3,AUTHORITATIVE_MAPPING_PENDING
ExplanationOfBenefit,$.total[1].category.coding[1],CMS_BLUE_BUTTON,https://bluebutton.cms.gov/fhir/CodeSystem/Adjudication,CLM_OTHR_TP_PD_AMT,Other Third Party Payer Paid Amount,3,AUTHORITATIVE_MAPPING_PENDING
ExplanationOfBenefit,$.total[1].category.coding[1],CMS_BLUE_BUTTON,https://bluebutton.cms.gov/fhir/CodeSystem/Adjudication,CLM_SBMT_CHRG_AMT,Total Charge Amount,3,AUTHORITATIVE_MAPPING_PENDING
ExplanationOfBenefit,$.total[2].category.coding[0],HL7_FHIR,http://hl7.org/fhir/us/carin-bb/CodeSystem/C4BBAdjudication,paidbypatient,Paid by patient,2,AUTHORITATIVE_MAPPING_PENDING
ExplanationOfBenefit,$.total[2].category.coding[0],HL7_FHIR,http://hl7.org/fhir/us/carin-bb/CodeSystem/C4BBAdjudication,paidtoprovider,Paid to provider,1,AUTHORITATIVE_MAPPING_PENDING
ExplanationOfBenefit,$.total[2].category.coding[0],HL7_TERMINOLOGY,http://terminology.hl7.org/CodeSystem/adjudication,submitted,Submitted Amount,3,AUTHORITATIVE_MAPPING_PENDING
ExplanationOfBenefit,$.total[2].category.coding[1],CMS_BLUE_BUTTON,https://bluebutton.cms.gov/fhir/CodeSystem/Adjudication,CLM_BENE_PMT_AMT,Paid By Beneficiary Amount,2,AUTHORITATIVE_MAPPING_PENDING
ExplanationOfBenefit,$.total[2].category.coding[1],CMS_BLUE_BUTTON,https://bluebutton.cms.gov/fhir/CodeSystem/Adjudication,CLM_PRVDR_PMT_AMT,Provider Payment Amount,1,AUTHORITATIVE_MAPPING_PENDING
ExplanationOfBenefit,$.total[2].category.coding[1],CMS_BLUE_BUTTON,https://bluebutton.cms.gov/fhir/CodeSystem/Adjudication,TOT_RX_CST_AMT,Total RX Cost Amount,3,AUTHORITATIVE_MAPPING_PENDING
ExplanationOfBenefit,$.total[3].category.coding[0],HL7_FHIR,http://hl7.org/fhir/us/carin-bb/CodeSystem/C4BBAdjudication,paidtoprovider,Paid to provider,2,AUTHORITATIVE_MAPPING_PENDING
ExplanationOfBenefit,$.total[3].category.coding[0],HL7_TERMINOLOGY,http://terminology.hl7.org/CodeSystem/adjudication,deductible,Deductible,1,AUTHORITATIVE_MAPPING_PENDING
ExplanationOfBenefit,$.total[3].category.coding[1],CMS_BLUE_BUTTON,https://bluebutton.cms.gov/fhir/CodeSystem/Adjudication,CLM_MDCR_DDCTBL_AMT,Beneficiary Deductible Amount,1,AUTHORITATIVE_MAPPING_PENDING
ExplanationOfBenefit,$.total[3].category.coding[1],CMS_BLUE_BUTTON,https://bluebutton.cms.gov/fhir/CodeSystem/Adjudication,CLM_PRVDR_PMT_AMT,Provider Payment Amount,2,AUTHORITATIVE_MAPPING_PENDING
ExplanationOfBenefit,$.total[4].category.coding[0],HL7_FHIR,http://hl7.org/fhir/us/carin-bb/CodeSystem/C4BBAdjudication,coinsurance,Co-insurance,1,AUTHORITATIVE_MAPPING_PENDING
ExplanationOfBenefit,$.total[4].category.coding[0],HL7_TERMINOLOGY,http://terminology.hl7.org/CodeSystem/adjudication,deductible,Deductible,2,AUTHORITATIVE_MAPPING_PENDING
ExplanationOfBenefit,$.total[4].category.coding[1],CMS_BLUE_BUTTON,https://bluebutton.cms.gov/fhir/CodeSystem/Adjudication,CLM_MDCR_COINSRNC_AMT,Beneficiary Coinsurance Liability Amount,1,AUTHORITATIVE_MAPPING_PENDING
ExplanationOfBenefit,$.total[4].category.coding[1],CMS_BLUE_BUTTON,https://bluebutton.cms.gov/fhir/CodeSystem/Adjudication,CLM_MDCR_DDCTBL_AMT,Beneficiary Deductible Amount,2,AUTHORITATIVE_MAPPING_PENDING
ExplanationOfBenefit,$.total[5].category.coding[0],HL7_FHIR,http://hl7.org/fhir/us/carin-bb/CodeSystem/C4BBAdjudication,noncovered,Noncovered,1,AUTHORITATIVE_MAPPING_PENDING
ExplanationOfBenefit,$.total[5].category.coding[1],CMS_BLUE_BUTTON,https://bluebutton.cms.gov/fhir/CodeSystem/Adjudication,CLM_NCVRD_CHRG_AMT,Inpatient(or other Part A) Non-covered Charge Amount,1,AUTHORITATIVE_MAPPING_PENDING
ExplanationOfBenefit,$.total[6].category.coding[0],HL7_FHIR,http://hl7.org/fhir/us/carin-bb/CodeSystem/C4BBAdjudication,paidtopatient,Paid to patient,1,AUTHORITATIVE_MAPPING_PENDING
ExplanationOfBenefit,$.total[6].category.coding[1],CMS_BLUE_BUTTON,https://bluebutton.cms.gov/fhir/CodeSystem/Adjudication,CLM_MDCR_INSTNL_BENE_PD_AMT,Institutional Paid to Beneficiary Amount,1,AUTHORITATIVE_MAPPING_PENDING
ExplanationOfBenefit,$.type.coding[0],CMS_BLUE_BUTTON,https://bluebutton.cms.gov/fhir/CodeSystem/CLM-TYPE-CD,1,MEDICARE PART D ORIGINAL CLAIM,1,AUTHORITATIVE_MAPPING_PENDING
ExplanationOfBenefit,$.type.coding[0],CMS_BLUE_BUTTON,https://bluebutton.cms.gov/fhir/CodeSystem/CLM-TYPE-CD,3,MEDICARE PART D DELETED CLAIM,1,AUTHORITATIVE_MAPPING_PENDING
ExplanationOfBenefit,$.type.coding[0],CMS_BLUE_BUTTON,https://bluebutton.cms.gov/fhir/CodeSystem/CLM-TYPE-CD,4,MEDICARE PART D RESUBMITTED CLAIM,1,AUTHORITATIVE_MAPPING_PENDING
ExplanationOfBenefit,$.type.coding[0],CMS_BLUE_BUTTON,https://bluebutton.cms.gov/fhir/CodeSystem/CLM-TYPE-CD,50,MEDICARE HOSPICE CLAIM,1,AUTHORITATIVE_MAPPING_PENDING
ExplanationOfBenefit,$.type.coding[0],CMS_BLUE_BUTTON,https://bluebutton.cms.gov/fhir/CodeSystem/CLM-TYPE-CD,72,MEDICARE PART B PROFESSIONAL PHYSICIAN/SUPPLIER CLAIM (DMEPOS),1,AUTHORITATIVE_MAPPING_PENDING
ExplanationOfBenefit,$.type.coding[0],CMS_BLUE_BUTTON,https://bluebutton.cms.gov/fhir/CodeSystem/CLM-TYPE-CD,81,MEDICARE PART B DME REGIONAL CARRIER (DMERC) CLAIM (NON-DMEPOS),1,AUTHORITATIVE_MAPPING_PENDING
ExplanationOfBenefit,$.type.coding[1],HL7_TERMINOLOGY,http://terminology.hl7.org/CodeSystem/claim-type,institutional,,1,AUTHORITATIVE_MAPPING_PENDING
ExplanationOfBenefit,$.type.coding[1],HL7_TERMINOLOGY,http://terminology.hl7.org/CodeSystem/claim-type,pharmacy,,3,AUTHORITATIVE_MAPPING_PENDING
ExplanationOfBenefit,$.type.coding[1],HL7_TERMINOLOGY,http://terminology.hl7.org/CodeSystem/claim-type,professional,,2,AUTHORITATIVE_MAPPING_PENDING
ExplanationOfBenefit,$.type.coding[2],CMS_BLUE_BUTTON,https://bluebutton.cms.gov/fhir/CodeSystem/EOB-TYPE,CARRIER,Professional Physician/Supplier Claim,1,AUTHORITATIVE_MAPPING_PENDING
ExplanationOfBenefit,$.type.coding[2],CMS_BLUE_BUTTON,https://bluebutton.cms.gov/fhir/CodeSystem/EOB-TYPE,DME,Durable Medical Equipment Claim,1,AUTHORITATIVE_MAPPING_PENDING
ExplanationOfBenefit,$.type.coding[2],CMS_BLUE_BUTTON,https://bluebutton.cms.gov/fhir/CodeSystem/EOB-TYPE,HOSPICE,Hospice Care,1,AUTHORITATIVE_MAPPING_PENDING
ExplanationOfBenefit,$.type.coding[2],CMS_BLUE_BUTTON,https://bluebutton.cms.gov/fhir/CodeSystem/EOB-TYPE,PDE,Drug Plan Event,3,AUTHORITATIVE_MAPPING_PENDING
Patient,$.communication[0].language.coding[0],EXTERNAL_OR_UNKNOWN,urn:ietf:bcp:47,en,,1,AUTHORITATIVE_MAPPING_PENDING
Patient,$.extension[1].extension[0].valueCoding,OID,urn:oid:2.16.840.1.113883.6.238,2054-5,Black or African American,1,AUTHORITATIVE_MAPPING_PENDING
Patient,$.identifier[0].type.coding[0],HL7_TERMINOLOGY,http://terminology.hl7.org/CodeSystem/v2-0203,MB,,1,AUTHORITATIVE_MAPPING_PENDING
